ID,solution,p,r
505001,-0.0962113441419108,0,0
505002,0.33378811615625,0,0
505003,0.13205899091627,0,0
505004,0.632380317143524,0,0
505005,-0.318179407656633,0,0
505006,0.807756235834503,0,0
505007,0.457431891040672,0,0
505008,0.423176820280695,0,0
505009,-0.696133884264934,0,0
505010,0.446136174321527,0,0
505011,0.0558101052801898,0,0
505012,0.396696675284343,0,0
505013,1.13471188784131,0,0
505014,0.769916094226226,0,0
505015,0.730322430573008,0,0
505016,0.454000982622464,0,0
505017,-0.0519828891364177,0,0
505018,0.481057694013619,0,0
505019,1.04842312584627,0,0
505020,-0.106637618268206,0,0
505021,0.401567632365011,0,0
505022,0.697480236991249,0,0
505023,0.266361007501932,0,0
505024,0.422097414193501,0,0
505025,0.352215449369328,0,0
505026,0.546449498259557,0,0
505027,1.09279225041089,0,0
505028,0.425264311161641,0,0
505029,0.223131998100295,0,0
505030,0.351016680824346,0,0
505031,0.957901822730722,0,0
505032,0.915781300230241,0,0
505033,0.380021227034418,0,0
505034,0.144274132926964,0,0
505035,0.799220107763444,0,0
505036,0.387442765781775,0,0
505037,0.473139737069659,0,0
505038,1.12359764641324,0,0
505039,0.230766055395963,0,0
505040,0.854431866193652,0,0
505041,0.834599801245223,0,0
505042,-0.144771683666855,0,0
505043,0.885231715851202,0,0
505044,0.561429169595977,0,0
505045,0.315948224913082,0,0
505046,-1.24728079623069,0,0
505047,-0.131154409895927,0,0
505048,0.715392533146141,0,0
505049,0.46567061278136,0,0
505050,0.992011224524087,0,0
505051,0.344314216709583,0,0
505052,0.974670594156891,0,0
505053,0.468039682142416,0,0
505054,0.776584494956311,0,0
505055,0.683422569263975,0,0
505056,0.402306026512019,0,0
505057,1.34920084650935,0.038811071,1
505058,0.270175918767357,0,0
505059,0.126420762081682,0,0
505060,0.639693532476996,0,0
505061,1.33158313686913,0,0
505062,0.392368501907974,0,0
505063,0.196967512267269,0,0
505064,-0.0806915708641236,0,0
505065,0.642774743282724,0,0
505066,0.54601028214144,0,0
505067,-0.226016580196761,0,0
505068,0.483036463394685,0,0
505069,0.366089019321796,0,0
505070,-0.116840669237773,0,0
505071,0.585426728936483,0,0
505072,0.503093162167096,0,0
505073,-0.357284207152191,0,0
505074,0.621473128372168,0,0
505075,0.0907385287717438,0,0
505076,0.359294620856043,0,0
505077,0.320773231016141,0,0
505078,0.0435683340933223,0,0
505079,0.604779592939058,0,0
505080,1.56905597882859,0.118615408,1
505081,1.06612446513236,0,0
505082,0.0414703562074538,0,0
505083,0.410006431487129,0,0
505084,0.397162872650196,0,0
505085,0.321172238505235,0,0
505086,0.623543628819198,0,0
505087,0.570228012133141,0,0
505088,0.494267446904712,0,0
505089,0.687662333257249,0,0
505090,1.28802261928254,0.017309393,1
505091,1.10748543341112,0,0
505092,0.314739246311196,0,0
505093,1.12372826180074,0,0
505094,0.695273278803077,0,0
505095,0.910846847129062,0,0
505096,0.597953487368506,0,0
505097,0.84993755641534,0,0
505098,0.0324676010750928,0,0
505099,0.965377474270329,0,0
505100,-0.0615118017037531,0,0
505101,1.31673001216778,0.027437898,1
505102,0.468361119371702,0,0
505103,0.90888472885111,0,0
505104,0.524090167722146,0,0
505105,0.515496288907343,0,0
505106,0.214180101023898,0,0
505107,1.30369321466678,0.010501216,1
505108,0.517870158458786,0,0
505109,0.959234739067204,0,0
505110,1.04102565282958,0,0
505111,0.35855657263602,0,0
505112,-0.0374421990166415,0,0
505113,0.28835005507207,0,0
505114,-0.0687900922742664,0,0
505115,-0.715330082657074,0,0
505116,1.62083572201313,0.129523801,1
505117,0.206089058037834,0,0
505118,0.319992945449779,0,0
505119,0.333612076895185,0,0
505120,0.238912307017753,0,0
505121,-0.00900619414582316,0,0
505122,0.459482553736093,0,0
505123,0.439319165429513,0,0
505124,-0.0455884370708167,0,0
505125,0.739691468715291,0,0
505126,0.372971494383867,0,0
505127,0.649503762143182,0,0
505128,0.551536278368545,0,0
505129,0.0595136887114075,0,0
505130,1.24599308765548,0,0
505131,0.286065978763412,0,0
505132,0.0726100594284858,0,0
505133,0.562097867054266,0,0
505134,-0.263029686774808,0,0
505135,0.0872871375973563,0,0
505136,1.12981846712962,0,0
505137,-0.0361190552630194,0,0
505138,-0.394628334356353,0,0
505139,0.462814153086067,0,0
505140,0.610575115643586,0,0
505141,0.842976173844544,0,0
505142,-0.278672464908373,0,0
505143,1.20455848501696,0,0
505144,0.511168536894364,0,0
505145,0.50750621170311,0,0
505146,1.29009325008435,0.019428855,1
505147,0.789830901743806,0,0
505148,0.594816152490993,0,0
505149,0.603477658125934,0,0
505150,-0.154570107325688,0,0
505151,0.452400793238279,0,0
505152,1.33929314423882,0,0
505153,-0.254740900889101,0,0
505154,-0.169136566180911,0,0
505155,0.116087230121647,0,0
505156,0.0870270492216273,0,0
505157,0.0051669187948493,0,0
505158,0.607631378414146,0,0
505159,-0.0672900139850578,0,0
505160,0.259901328605345,0,0
505161,0.675671714533521,0,0
505162,0.530259548293371,0,0
505163,0.149577873683789,0,0
505164,0.651425298196226,0,0
505165,0.96761888682949,0,0
505166,0.0569119119481374,0,0
505167,0.775422888620286,0,0
505168,-0.379635781595913,0,0
505169,0.696313609926647,0,0
505170,0.409331760587856,0,0
505171,1.00709607918229,0,0
505172,0.517535659194504,0,0
505173,0.195791164999798,0,0
505174,1.59814374114449,0.13674033,1
505175,0.164009937997782,0,0
505176,0.800446017070749,0,0
505177,0.371172178458821,0,0
505178,-0.32902170167896,0,0
505179,0.750272245628954,0,0
505180,0.51897411688634,0,0
505181,0.859814038190093,0,0
505182,0.444424275528963,0,0
505183,1.40489829941906,0.032049294,1
505184,1.06310613053895,0,0
505185,0.160823991201311,0,0
505186,0.489263955391212,0,0
505187,-0.0709623789163245,0,0
505188,0.96569134405135,0,0
505189,0.938137756598636,0,0
505190,0.997965740853987,0,0
505191,0.49130011100212,0,0
505192,0.561425007372818,0,0
505193,0.260324822374353,0,0
505194,0.588464732159834,0,0
505195,0.516104031305873,0,0
505196,0.558611060154926,0,0
505197,0.330434521155605,0,0
505198,0.509393400239679,0,0
505199,1.17945989853563,0,0
505200,-0.49265471354541,0,0
505201,0.71848636294316,0,0
505202,-0.731093658833534,0,0
505203,1.12112804746409,0,0
505204,1.36295886599032,0.01,1
505205,0.780684738490694,0,0
505206,0.0975107252314555,0,0
505207,0.203278652446493,0,0
505208,0.579713082957072,0,0
505209,0.654218756475363,0,0
505210,0.424377549179628,0,0
505211,0.623060267257125,0,0
505212,0.122477270753303,0,0
505213,0.268898889103952,0,0
505214,0.883133666504009,0,0
505215,0.823830801863662,0,0
505216,1.3439766022659,0,0
505217,1.39725709335907,0.059368515,1
505218,0.114926449191592,0,0
505219,-0.0523544724812093,0,0
505220,-0.872238844922698,0,0
505221,0.659206051389111,0,0
505222,0.577650569578343,0,0
505223,0.795455282517008,0,0
505224,1.19719372050361,0,0
505225,0.909974697665754,0,0
505226,0.141918444425398,0,0
505227,1.13438442656396,0,0
505228,0.51793070555267,0,0
505229,0.747805913528071,0,0
505230,1.1881563699922,0,0
505231,-0.0331091412963496,0,0
505232,0.950384011882392,0,0
505233,0.504645439237206,0,0
505234,0.588258761856252,0,0
505235,1.06905921222381,0,0
505236,0.420917447515891,0,0
505237,0.250397779628123,0,0
505238,0.830936231129462,0,0
505239,0.449383361561834,0,0
505240,0.0831689198935653,0,0
505241,-0.0178859439802266,0,0
505242,1.00001097324762,0,0
505243,0.661472508042802,0,0
505244,0.204062356224532,0,0
505245,-0.434610567397399,0,0
505246,0.746327383699592,0,0
505247,-0.575359063209634,0,0
505248,0.429528916378849,0,0
505249,0.584307444060841,0,0
505250,0.980430125911071,0,0
505251,0.515785266360699,0,0
505252,1.07658987244308,0,0
505253,0.147247401332539,0,0
505254,0.231202577554814,0,0
505255,-0.100083912428292,0,0
505256,0.511515620625029,0,0
505257,0.485889303147507,0,0
505258,0.648742156390432,0,0
505259,0.973894469458434,0,0
505260,-0.140470842140364,0,0
505261,0.229110790902806,0,0
505262,0.200476159633565,0,0
505263,1.06679834165756,0,0
505264,0.329528851356003,0,0
505265,0.287590241628195,0,0
505266,0.833600500769437,0,0
505267,-0.887572475784898,0,0
505268,0.366755880868467,0,0
505269,0.560626127266239,0,0
505270,0.366397431026309,0,0
505271,0.244538656206688,0,0
505272,0.716673935612402,0,0
505273,0.28873874946017,0,0
505274,1.26043175091222,0,0
505275,0.0901667682737606,0,0
505276,0.935098670837626,0,0
505277,0.784798898227689,0,0
505278,1.27694539335275,0,0
505279,0.936403671467086,0,0
505280,0.418270919787672,0,0
505281,-0.0669534988964179,0,0
505282,0.997654647137176,0,0
505283,0.869009238029602,0,0
505284,-0.0333570063533192,0,0
505285,0.224879984366012,0,0
505286,0.209570761277173,0,0
505287,0.18022227576444,0,0
505288,0.764295307000551,0,0
505289,-0.133342546203049,0,0
505290,1.00671273759045,0,0
505291,0.679887251007587,0,0
505292,0.551410006164802,0,0
505293,0.258442609358598,0,0
505294,0.16308054148191,0,0
505295,-0.381860990219639,0,0
505296,0.586156632830516,0,0
505297,0.0594233434347051,0,0
505298,0.713757964129602,0,0
505299,0.463522620057849,0,0
505300,-0.595321040877489,0,0
505301,0.263633795452707,0,0
505302,-0.158016802758117,0,0
505303,0.395073299265991,0,0
505304,0.534831914718943,0,0
505305,0.992587142585929,0,0
505306,-0.218776359787278,0,0
505307,0.0222252750784183,0,0
505308,-0.192066533173412,0,0
505309,0.895266302577923,0,0
505310,-0.172310108282204,0,0
505311,-0.0205870149890923,0,0
505312,0.939329885028244,0,0
505313,1.08695413799933,0,0
505314,0.998109112966397,0,0
505315,-0.31981167020736,0,0
505316,0.226074449404316,0,0
505317,1.22370219449638,0,0
505318,0.963448187553164,0,0
505319,0.768347396006971,0,0
505320,0.859608755853836,0,0
505321,0.00426852985907052,0,0
505322,0.923892089286567,0,0
505323,0.846965827518599,0,0
505324,1.2271024102167,0,0
505325,0.682850506632077,0,0
505326,0.224906659411734,0,0
505327,0.601759973588928,0,0
505328,0.808430388679457,0,0
505329,1.32073422438836,0,0
505330,0.0812714545581825,0,0
505331,0.60896783441668,0,0
505332,0.484608382533228,0,0
505333,0.858661360281268,0,0
505334,0.519508866350899,0,0
505335,-0.617911115944814,0,0
505336,1.22430729530912,0,0
505337,0.12190597017091,0,0
505338,0.287407113003183,0,0
505339,0.33374197806285,0,0
505340,-0.622548101339133,0,0
505341,0.732540662112703,0,0
505342,0.725417814081462,0,0
505343,0.473691271847676,0,0
505344,-0.169685801512064,0,0
505345,0.406528358145096,0,0
505346,0.507465761043501,0,0
505347,-0.0140188130415389,0,0
505348,0.506204822473466,0,0
505349,0.276975716810392,0,0
505350,1.06985561203624,0,0
505351,-0.433661006852821,0,0
505352,0.508084767903163,0,0
505353,0.274050170541562,0,0
505354,0.620993434203597,0,0
505355,0.94923898360687,0,0
505356,0.471165724817858,0,0
505357,1.09689078035295,0,0
505358,0.344127894636175,0,0
505359,-0.116491565265286,0,0
505360,1.46302954730694,0.088627673,1
505361,1.29708914650923,0,0
505362,0.307106951407772,0,0
505363,0.363272047293695,0,0
505364,1.09740608906216,0,0
505365,-0.0988801442936986,0,0
505366,1.42132812212825,0.067688915,1
505367,0.18290881807514,0,0
505368,1.26030196211258,0,0
505369,0.637684882373306,0,0
505370,0.630901409966212,0,0
505371,0.629024525599505,0,0
505372,0.293458359729088,0,0
505373,0.779757900682454,0,0
505374,0.740249824456698,0,0
505375,0.50970806054873,0,0
505376,0.99952617459292,0,0
505377,1.43344763263623,0.064946201,1
505378,1.0945991380639,0,0
505379,0.598868119158029,0,0
505380,0.808784086192192,0,0
505381,0.460545658101002,0,0
505382,0.89517793450838,0,0
505383,-0.024741175518529,0,0
505384,0.584400008198518,0,0
505385,0.361412472430745,0,0
505386,1.34602799126713,0.015924362,1
505387,0.530778740626134,0,0
505388,1.32057638852519,0.013639515,1
505389,0.985506457520105,0,0
505390,0.489464331410613,0,0
505391,-0.352193197673411,0,0
505392,1.67518819044933,0.149387552,1
505393,0.631716179705547,0,0
505394,-0.271523109709341,0,0
505395,0.412032892922003,0,0
505396,0.129042166691613,0,0
505397,-0.448809029595598,0,0
505398,-0.360585590230232,0,0
505399,0.459334626400971,0,0
505400,0.424735492121001,0,0
505401,0.385643486169513,0,0
505402,0.473262993437151,0,0
505403,0.618560920479579,0,0
505404,0.961030489120281,0,0
505405,0.826127231512625,0,0
505406,0.723932554890985,0,0
505407,0.233981799477905,0,0
505408,0.1556128516685,0,0
505409,0.623679602220231,0,0
505410,1.02121301572611,0,0
505411,0.642037798243363,0,0
505412,0.936567097660192,0,0
505413,0.496951993080692,0,0
505414,0.786301758948862,0,0
505415,0.411587660582171,0,0
505416,-0.413899254525396,0,0
505417,0.325269649793097,0,0
505418,0.453661969075751,0,0
505419,-0.0673668420708785,0,0
505420,0.0463054783817505,0,0
505421,0.634001257325812,0,0
505422,0.924783044140468,0,0
505423,0.313953043451243,0,0
505424,0.274601102081337,0,0
505425,0.51680853916809,0,0
505426,0.322637835723788,0,0
505427,-0.230024679849179,0,0
505428,0.215511712538023,0,0
505429,0.456819323265322,0,0
505430,0.206959203175086,0,0
505431,0.42419263399135,0,0
505432,0.120668622655437,0,0
505433,-0.0698138080434364,0,0
505434,0.675500564476438,0,0
505435,0.731822440591119,0,0
505436,0.686798562067387,0,0
505437,1.16829090573943,0,0
505438,0.106396138195631,0,0
505439,-0.199371585955819,0,0
505440,1.17015390068798,0,0
505441,0.771819260248107,0,0
505442,1.23316481447826,0,0
505443,0.540253041387296,0,0
505444,0.163124758997016,0,0
505445,1.13667482338232,0,0
505446,0.819288239537225,0,0
505447,0.544028786082537,0,0
505448,0.585372997257529,0,0
505449,0.508964544012724,0,0
505450,0.478362578540187,0,0
505451,0.371725475047737,0,0
505452,0.512715263192106,0,0
505453,0.931610384036475,0,0
505454,0.537971014999728,0,0
505455,0.693920987083741,0,0
505456,0.294643341204115,0,0
505457,0.0301614746241079,0,0
505458,0.4052559741287,0,0
505459,0.268420555209042,0,0
505460,0.871764891279552,0,0
505461,0.475335252856608,0,0
505462,0.581078584320528,0,0
505463,0.278328055640043,0,0
505464,0.658847283105266,0,0
505465,-0.0154491612674947,0,0
505466,0.835441131646304,0,0
505467,-0.346223213313659,0,0
505468,0.533223336570115,0,0
505469,0.268323832492356,0,0
505470,0.165346415629262,0,0
505471,1.21240405859939,0,0
505472,0.637912251870888,0,0
505473,0.735619727314458,0,0
505474,0.0124703006850202,0,0
505475,0.237412693600416,0,0
505476,0.261869542223011,0,0
505477,0.785234944402437,0,0
505478,-0.0603367721235026,0,0
505479,0.532813258348203,0,0
505480,0.21293730364008,0,0
505481,0.44873132211762,0,0
505482,0.0707256678419345,0,0
505483,0.38256568705904,0,0
505484,0.0880748916295841,0,0
505485,0.750220426380511,0,0
505486,-0.31370088598499,0,0
505487,1.41105285281507,0,0
505488,0.708123343972284,0,0
505489,0.387356531876031,0,0
505490,1.30747613322251,0,0
505491,0.70708216291426,0,0
505492,-0.705297467189679,0,0
505493,0.711987823818618,0,0
505494,0.0446932733912334,0,0
505495,0.630326373493796,0,0
505496,0.882682103759229,0,0
505497,0.126875559774906,0,0
505498,0.331875405592519,0,0
505499,0.820678918640099,0,0
505500,0.494062173385491,0,0
