"","Pheno","BV"
"502870",4.14940939321833,1.11801289325519
"503998",-3.59891164074968,-0.981130756516704
"501520",0.406171917325373,0.492898920075325
"503447",-6.84303896576358,-1.5038396461853
"500539",1.4330167283026,-1.4410832883293
"504613",-0.873315996892845,0.0262550863256866
"503694",0.752278727159382,0.365944670890981
"502307",-3.67539659061915,1.3005971717914
"502591",-2.20802447194976,-0.708240112381029
"500325",2.20266671331507,-0.935159467922756
"500442",1.33812830829033,1.13838396186447
"502570",-1.83240758392961,-0.209685301941475
"504010",-0.826514370950259,0.971725549657695
"500080",5.83079393404554,1.17841525627432
"500198",0.476106286751896,0.0307962320340879
"504368",-0.795743394103214,-1.06857614653261
"504832",-3.6440614573341,-2.40581695981872
"500477",-0.966847075216623,2.03523442739952
"502708",-0.785180244769981,-0.974255074622886
"504477",-0.700634335732125,1.23210735835408
"504742",-1.13428218619485,0.349323734386516
"503978",-1.40063876846213,-1.29087158176682
"500278",2.64371221186764,0.810392027175273
"503872",0.972353385985706,-0.866502993777479
"500650",0.340559860492439,1.40825048606983
"502593",-1.72431376937812,-0.214419325392058
"501721",-0.017769967712956,0.436737204542656
"502291",-0.646824522491868,-1.86490427034079
"504690",-3.69000130349765,-0.845279299483526
"501938",2.40662108957378,-0.422937347865802
"503319",1.37320199798301,1.31628217051345
"503774",1.49049707873628,0.629001974405949
"500203",0.995316502939771,-0.0637092133563518
"504388",1.63287139400686,1.42827937307042
"502002",-0.651903642350431,0.456869832516645
"501296",-2.35117855358632,-0.393471016848155
"504878",-3.73867563016562,-1.33251744202509
"500983",-6.83649466056713,-1.10928116937641
"500664",-1.61293601549757,-1.09133169843382
"502548",3.81404278923742,1.78757350755925
"503102",4.46205668237161,1.10449565991613
"502416",-2.1818018231077,-1.00621547595104
"504198",0.0690934275910979,-1.14551125567104
"504706",2.7189803642012,0.58674842885632
"501261",-2.3072615836828,-0.931029522452915
"504610",-2.17821794705838,-0.521906087385873
"502074",-0.00219110125778821,2.30658892911627
"502868",1.20176840367909,1.01405879706177
"500429",0.885677899208557,0.886756136317189
"500403",2.59939992619062,0.729154835422313
"500158",-3.74863236678728,-2.08386072784004
"500350",-0.887985592081701,-0.685068341866283
"502012",0.807242814888878,0.414094616727524
"504013",-2.12043858281793,-1.30566710590426
"503680",-2.77019596853621,-1.48820476941116
"503742",2.32212388298076,0.362601253102092
"503483",-4.65755428771949,-1.88678255318621
"501383",-2.35106762140785,-0.344044160381585
"502436",-4.12086502152207,-0.679366099596399
"500120",-2.8944482783326,-0.315103687506503
"501313",-4.44579089501707,-0.649885629420918
"503256",-2.51758508942826,-0.746714237636156
"502483",-1.41335749630285,0.490744670695419
"503219",2.28716678273461,0.98919728632813
"502213",1.17628551172525,-1.77660106077749
"502727",3.09355068687239,1.042930698645
"501951",-2.23353979432256,-0.700812658992089
"501970",0.334836183229758,1.99711258173774
"501634",-0.462934655627781,-1.1615470561622
"504155",0.958558175280498,0.377068632010804
"502818",-0.356430410673093,-1.40489180776427
"500678",0.446794245037367,-1.62215054410836
"503019",0.879392767758063,0.0572733886112707
"500045",1.1988757508467,-0.664723903145521
"504383",0.265396450275034,0.399836782760604
"503946",-2.92434899813779,0.133492650430758
"502100",0.915978297180043,-1.2468840554007
"504728",-1.80279771378159,0.831094967815911
"502662",0.675479841128221,1.05188126727487
"502789",-0.650216795332942,-0.713960555261334
"504185",4.25675678122216,0.25966350342128
"504273",-1.81164387883393,-1.22361705010663
"501021",0.825484691461812,0.78800361881637
"504634",2.80263252597677,0.283245428547593
"503169",2.3347860729031,0.506228214652869
"503241",-1.72278880761524,-1.44358577248381
"502189",-1.9360374955066,-1.201726898349
"500649",-2.86675263995413,-0.144226878387008
"504296",-0.404120028026509,-2.18428572783873
"500197",2.88892304690472,-0.796417622690236
"500902",-1.32740743939213,1.15498658221499
"503589",-3.11433566570723,-1.68079760942483
"504765",-5.00333455272531,-1.4952189347516
"503945",0.401909285574919,-1.11803151190259
"504964",5.12493676808238,0.959312898499119
"500575",-0.776855013609809,-1.51420030023153
"503922",-0.461177127100327,1.44603507165074
"503933",5.49966085217973,1.05404287495695
"504741",1.04694172787715,-1.97539355914082
"500405",-0.788549987255422,-1.64400955774148
"500425",2.53460598803119,0.778240107256849
"500243",-0.317238600065876,-0.749724182748611
"500616",3.55842201343638,1.6123969501494
"501991",-1.23907741044935,-0.752594013411172
"500512",0.434467336273448,1.18934643697443
"502382",-2.69086894212147,0.417766731596813
"504152",-2.1313494244381,-0.827613194320709
"502824",0.831125480919677,0.243888652458059
"500629",0.192124601395442,0.203821018894689
"503530",-3.04909480505246,-0.803361038309904
"501900",2.12022131083721,1.63391864300179
"502533",0.564168996968639,-1.57047896333575
"503892",1.55626885932133,0.0105016678552915
"500471",-1.2108405196756,-0.209203107229744
"502315",-1.76724289200447,1.11341085070102
"501379",2.44452501403412,0.461265870382005
"503235",-0.0555441389092736,0.215769585100928
"500037",-3.77534922784309,-1.94900211864736
"502645",0.0801937271338055,-0.104587569930326
"504347",-4.43964789417713,-1.24586500572554
"504864",-0.214558955194699,-0.623856608015902
"504440",-2.97920628031765,-0.797213982428213
"500733",1.39503991267679,-0.178247134082918
"503636",-2.32898496983327,-0.353053351506768
"500218",-0.776430154408239,0.362775667652813
"500996",1.98631742081411,0.218130133945066
"503752",-1.21775916772918,0.389851125982517
"502216",-2.15557219824217,1.00567107005486
"501142",-1.32733228019853,-0.552023664105061
"502024",-0.994253314739936,0.291869263744416
"503297",1.43606899123766,1.29178552154386
"501681",-2.94747701878688,-0.477448649715056
"504435",-0.378296384298604,-0.473553939560918
"500695",-1.51217052857233,0.48639301724302
"502418",-2.53647101493381,-0.300996542120038
"502893",-1.47609262320446,-3.36919544916063
"502738",1.96419921176074,0.678690659871723
"504663",2.42652700048616,0.0642774546375001
"501145",-3.60209326738384,-1.48608378936862
"501039",1.12307192610873,-1.00138340809822
"503165",0.579052114593261,0.141406169259918
"500685",-0.131972830779552,0.471121280083317
"501140",1.89336494244528,1.32190349849764
"500353",-2.43039674190446,0.498037782336487
"500867",-0.972902353530469,-0.766949037400489
"500163",-2.5999065816432,0.0674690926598104
"500382",-0.607605658113476,0.96837917876847
"504676",-1.3193652641145,-0.81489822638742
"504860",1.95225413114912,0.998811047434739
"502674",0.336580614844694,-0.724676687218775
"502232",-3.70771417744136,0.149705128673478
"502226",2.42746075795534,2.05480163169427
"504371",0.456519388938072,1.14550669516179
"502657",3.00147555103353,-0.0210926124320272
"501207",1.10982663065797,-1.73081058664374
"503454",0.171002656077251,-0.348202674684861
"501295",-3.38262834079723,-1.36877607739259
"500024",-0.671880496845805,-2.35469453712481
"504418",-1.72721850448757,-0.707330651555801
"501506",-1.192805870767,-0.800096567246404
"503199",0.74144254398359,1.38010225008039
"503106",5.7907165682289,1.61865324385751
"501364",-0.0882038471784103,0.462470385217882
"501884",2.85342523122255,1.14221235077432
"504603",-1.6195333900201,0.193721529055636
"503678",1.79384169305257,0.806082908897195
"501490",-0.407846866467964,-0.419062005908959
"502610",1.9718863452121,-0.710617647570442
"502685",-2.69019489813988,0.478388422142888
"502413",-1.67185294620203,-1.27688848989719
"504869",3.6113709266604,-0.392541867707489
"504737",-1.63931352620657,-1.08071867266866
"501375",2.10894733597753,1.02721560708331
"501781",0.277878444211747,-0.550321370305477
"502985",-1.58261201675764,0.0630895818411462
"502655",1.14785333960337,0.627348745834253
"504398",3.5237815997762,1.80810364744131
"501890",2.38332346977953,0.734226734513767
"504283",-1.09520247352258,-0.10217738871243
"504829",-0.456526484257237,-1.02321715389778
"502731",-2.61430771819401,0.220188838018593
"501224",-5.06990299831367,0.441937272270539
"504479",0.207946185381802,-1.32040889885976
"502424",-1.42453236700938,0.815547316491433
"503325",-1.39710738405761,0.00541280679654638
"502030",0.388455915939321,1.85008834174731
"504743",2.82647389035466,1.54746446168939
"502152",1.6682640487097,-0.460747182313991
"501171",3.60546447464911,0.918379609476853
"502649",-0.311290096049843,0.140413261084846
"503750",-3.78814536808801,-0.0149837617510482
"502497",-1.154569014661,-0.0779586945787517
"504493",-3.33702506976612,-1.77036839005836
"503097",-3.00529793460479,-1.35364351237412
"502958",1.35519978068543,0.927933909165154
"503269",-1.80766021660916,0.354156607179509
"501150",-3.95110074353176,-1.731968005652
"502928",-1.87849581128301,-0.103733703943622
"503359",-0.16787750235266,0.399427748998003
"504451",-3.23842610501611,-1.05980736792226
"504114",-2.61306876975438,-0.566636776004278
"503320",-3.20412195089136,-0.648647076948907
"501182",-2.61921695499216,-0.0777004970791503
"501753",-3.55429508737771,-2.48373726147365
"501199",-0.841516545957985,-1.11633307251839
"503084",1.67946853912158,-1.12984976313259
"503110",-3.28428074084208,-1.24321726002569
"501852",-0.618030128051094,-0.831229001942963
"500388",2.35231033662053,1.21488630126098
"501302",-2.02337775515784,-1.50665554631592
"500706",1.12543107774724,0.57863108857483
"504176",1.25142738975532,-1.74526415941466
"501156",-0.403574626292202,0.0822724772240644
"500514",-3.81559148604718,-0.961787793424197
"501035",2.19892134637456,0.0984485134438076
"500227",-0.543940396664626,0.553662552407454
"503208",1.73310932996837,-0.305899054087566
"503124",-7.68424020815673,-2.50987174142588
"503957",1.65508355836087,0.000403183580904964
"500862",3.26430908329539,0.0584724921683334
"501651",-2.66337835999331,-0.82933090169765
"501735",-2.4488948696223,-1.23104825450383
"501262",-4.50946090335359,0.473873757187944
"504150",0.365069828177934,1.2950508194835
"503194",-1.80090709601976,-1.27749105304891
"500261",1.0830582108775,0.179083119778201
"503585",1.4767227677117,0.866615471859486
"502689",-1.00765189147936,0.808898063640678
"502290",0.590730517514983,0.200568600226201
"501826",2.34972187299527,0.0793983672105167
"501518",3.63793585041523,-0.220559235578466
"501952",0.0424816037796392,-0.738689224846659
"500565",0.0652232212120675,-0.066160018589394
"501074",-0.665831199634639,-1.72771361528932
"500397",-0.316502660180515,-0.432430881934672
"504939",-2.75450310227483,-2.43261857354698
"503768",2.32550406548403,1.27993598070557
"501095",-0.456650143923678,-0.536334147892777
"504608",0.123581660876341,1.25969523883065
"501818",-3.53341745517879,-1.23483361895982
"500178",5.23577106406351,1.201252777944
"501439",-4.78789263836295,-2.36030305611023
"500799",2.44559673355761,1.12677919665651
"502909",-1.56545240666025,-0.337099908509315
"502605",1.86519473843854,-0.465972021353877
"503707",0.469526836500384,-0.364167307112368
"500510",-2.05424745083207,-2.95944497144979
"504207",-0.629269750444887,-0.335572032869114
"503816",-1.19222932187878,0.128341972428398
"500285",1.60832838158135,-0.265467553092647
"500644",1.88194192804629,1.05367995950772
"500811",-3.27430191818544,0.997343475022831
"501586",1.42007237201713,0.308191146242782
"503588",-0.449994082584382,0.646063509737004
"501337",2.82519360841705,1.13714638994073
"503813",-0.118186156693718,-0.55469369942458
"503659",-2.89624215066875,-0.938346841203523
"502374",3.77371498131961,-0.384703400269116
"500153",2.6327574956707,0.330956462139021
"501057",1.56999784123228,0.693071073750716
"502730",1.00858071327196,-0.398006874195067
"500591",0.846729612349737,0.786419649946177
"500880",1.10770349490878,0.0761611349981014
"500854",-2.16498780519806,-0.127493196616257
"500272",-2.5412446127854,-0.0882270805227166
"502205",-0.00726481936101981,-0.0353407299819991
"504405",0.454416086140119,0.257430331176921
"501756",-1.03533440244714,0.48049834810161
"503170",-2.52931390833606,0.359889867856646
"502278",-1.51803359900106,0.463935380246736
"503970",1.33717124646497,-0.667147074481136
"503883",1.5278231342286,-1.06295224219624
"503979",-0.682086587618351,-0.419589802932209
"504913",-2.5835938798278,-0.497048634723748
"500190",-4.70009495155818,-1.10472187066291
"501536",0.406413881734952,-1.31688888420663
"500740",-1.34325080987143,-1.31739405804531
"500077",0.763806770140136,0.443804483779536
"501881",-1.96755679761131,-0.689623352054825
"502501",1.08955464122039,-0.423387219550767
"502703",2.50350475508959,1.14122127773822
"504852",3.08857148935228,1.05254798121768
"504886",1.10696712376275,-1.44633043285885
"502160",-4.46904023411199,-0.460431630990161
"502010",1.96535881116508,-0.551023185463833
"504615",1.45257618715793,-0.532616085858578
"503299",-1.48851541857816,-0.123640518636707
"504658",5.15318826086211,-0.277019692352969
"503085",-4.85543610417491,0.0785090741020881
"500173",-0.949913236912301,0.83949469568756
"502343",2.89393938132695,0.466943554117187
"502306",-2.86825217181768,-1.0071308135921
"504144",-1.12436748366591,0.673811391044686
"501605",2.66894086469275,-0.346635543828109
"501599",-2.4446791344159,-1.35004072917768
"504619",1.19699287191216,-0.580387256256228
"500827",3.93719672194105,0.0237716619692013
"501146",-1.63196310161019,0.52290342188275
"502055",0.717140669571297,-0.0151248901457816
"503929",5.02849617292756,-0.0630279987448516
"503295",0.738345412987621,0.0820176805769626
"502253",0.415282506263228,1.75152442749207
"504716",-3.15769217940517,-1.0725627562051
"503862",-1.23666822082778,-0.780524482042827
"502140",0.653181750243032,-0.363931376918074
"503522",-0.465635608577876,1.85799933865513
"503078",-0.0588130546811093,0.374194129582601
"504997",0.429103508972174,-0.486187190931354
"502602",-3.40132728496969,-0.700778643242621
"501921",3.11127985513281,-0.137338947670935
"504001",1.41018677945806,1.42799023827484
"501217",-1.7486179757962,0.655046710435556
"500910",-2.22844244243912,-0.21021178372308
"502829",-0.999509824511182,-0.735005334608059
"503456",-8.83914295960044,-2.29186434573207
"500059",2.42522182970137,0.31087826594488
"504972",-1.31888523092381,-0.301654899543011
"503296",1.29281087365509,0.24585836838965
"502972",1.83732980902946,-0.0454143359778908
"500021",2.57200780743289,0.109915026586622
"502953",0.607065575941822,2.13770844281817
"501072",3.83318813369976,1.59370573165117
"503810",-1.42341242011754,-0.270343772990574
"501044",-1.04258236765501,-0.906590700076537
"501602",1.78044117974619,-1.5532245250956
"502113",1.02080061862379,0.217005581818937
"503814",-0.573827323203784,-0.595779016068269
"500237",-2.83895275042213,-0.198058070012595
"501754",-0.127743447766126,2.87811932086843
"504955",-1.37642315162238,0.164721963393096
"504154",1.27900494733384,-0.693433394516128
"500309",0.23785398299764,0.217070033114519
"504386",0.151246297961922,-1.48754430915796
"501253",-0.149657080962203,0.922162237129652
"503632",0.252658666054013,0.241413067207224
"503759",-1.31954747945225,0.933349721730323
"501286",0.602396450637396,-0.635964332712929
"500504",2.38716591480067,0.450591866873327
"504572",2.93861794507531,0.337675091270713
"502815",-3.07748286707162,-1.20102961003217
"502368",-5.86712798210861,-0.720861221064873
"500749",-0.507958935910356,-0.266658348190216
"500492",-4.20820019004122,-0.427998909807754
"503307",-2.59267444251738,0.362215756947298
"501452",2.33966760505692,0.251335747578238
"503505",1.36924196660203,0.514344435532188
"503884",0.281029759910399,-1.5301134560018
"503009",-0.349962578329924,0.370071718917354
"502806",3.02483094443162,1.171141968571
"500627",0.95197553723354,-0.54176141567276
"501994",1.37301256236586,2.00002212138066
"504506",1.92332530279145,0.557437194158545
"501675",1.03812900831841,1.37177999542393
"502026",-3.26313526884624,-1.20456900918815
"504684",-3.79118452652884,0.718755644348958
"503382",-3.89357700273612,-1.94217243130052
"501433",-6.31732629883182,-1.95087967901799
"500164",-0.369056533808525,-0.063395086963777
"501574",-2.32116859487896,-1.49028554082942
"503264",-0.506624708517019,-1.64588741045703
"502910",1.15244892825816,-0.0811199253049555
"502116",-0.336373020447128,-0.270310332171103
"501004",1.5300161989593,1.60864703520905
"502535",-1.44320268652737,0.181061144364778
"504945",-3.40097029520598,-1.34903071756572
"501872",-0.305027046787975,0.086870888955325
"500149",0.398561710126904,0.519163841827416
"504828",1.57922332251644,-0.67939166172569
"500534",0.448960936361541,-1.47381841295499
"504707",1.15918697221045,0.444164215312149
"503890",1.60056663221853,-0.452657159839846
"500100",1.96724829492801,0.943084241063699
"504454",1.53915921904629,-0.522016888595605
"500618",-0.226344253366258,-1.45661825403154
"504116",2.0754555131994,1.18762498941815
"504170",-0.119950528114178,-0.859980031733081
"501532",1.3458935338837,0.337501718479645
"504162",2.03866391602502,0.367584375273767
"501867",0.461207660333073,0.306422671718
"504541",-1.14435217053866,-0.742870455287043
"501566",1.38871106496086,2.04396107249915
"503715",3.17819636593626,-0.115858019225268
"503020",-1.34163968156898,0.945232679497367
"503640",-0.523535102916401,-0.755940120671662
"501484",2.13929356723342,-0.140770637451667
"501492",1.41037357947922,-0.386485077642183
"503156",-1.08806473914979,-0.65468022751779
"500211",1.38749888956316,-0.720421617294703
"502339",0.976966405605848,0.732701529772875
"500099",-1.94945871410075,-0.661908735431911
"500111",-0.679566572231739,0.454929644409834
"503846",-1.49812965629274,-0.137201186094724
"502637",-3.69995809606646,-0.253000132189684
"502103",-3.8492563759041,-1.46051323026788
"500268",-0.308758957136593,0.468771127373796
"500360",1.99565191267864,0.371581444801866
"500675",0.348304793947322,-1.83038682729891
"504317",-0.455642503837113,0.165827901274859
"502646",0.063961016587281,0.270884451675893
"501601",-0.336556499629873,-1.93189396701899
"500971",-4.00199695364465,-2.32398524448769
"500788",-1.51592088986473,0.300207753416531
"500199",0.311559600541273,0.559852099401034
"502960",3.32310996141322,0.472742849487127
"504521",3.04161844303166,0.959672416656806
"502581",-1.41102216909063,0.0552529905946781
"503245",-0.990776747204078,-0.503480692290626
"503607",-0.957499177574568,0.418865220152835
"504733",-1.93676888487851,1.1989642941186
"502118",-1.9102713858202,-2.36106829720792
"503001",-0.613808509976005,0.585514823602579
"503789",-3.72456745838049,-0.534588336869808
"504074",1.79672772461756,-0.327922722621594
"502295",-2.48828257033612,-1.21048960762311
"504017",0.246046427834853,-0.215894851569348
"504752",1.21694706638265,0.288822964089087
"503175",-1.42489380765915,-0.691393404363728
"503526",-2.42984825192186,-0.926383726944999
"502320",-0.525761854617411,0.474199788477338
"503007",-1.06112206140558,-0.994663470687894
"504633",-0.80256814558065,-0.138699436233302
"500682",-3.1448242996535,-1.64804861487143
"504854",1.33076546532048,-0.92751613271384
"501086",2.17293724531964,0.61616102572439
"502675",-2.91580539273164,0.554481661761139
"503553",5.86533838610955,1.62110091288999
"502031",0.753963613813959,0.533550771801984
"500410",-1.97821245392923,-0.23585114563101
"501059",-0.61279362407274,-1.43219243157118
"504669",0.285239352013741,-0.24866512777804
"503695",-2.39623715435692,-1.14599326569473
"500784",1.12877093693145,-0.304562753905108
"503878",-0.797367759025182,0.487160222214751
"502584",0.464876522924188,0.172305728836562
"504744",2.20877156555257,0.026778144284606
"503344",4.08194840288655,-0.115134194332012
"500501",-1.01276661314977,-1.56913682349168
"504051",-1.91220662919874,-0.717716260870668
"502476",-3.85327982039065,-0.322464595473903
"504459",0.529602789235038,-0.283978013557022
"504056",-4.67565897601004,-0.860940448621534
"501631",0.980128336150882,1.33240821500578
"502530",3.05934489966084,1.66602461053888
"504576",0.517836702994282,0.419379079136466
"503675",0.52803383170296,-0.358886597003393
"504918",1.39271760532395,-0.832090699838511
"501953",0.378910847137499,0.291081410257517
"503402",-2.24528218476697,-1.07188642649242
"502045",1.88593721894661,1.13888836358506
"504979",-0.35308245294829,-1.29159370365008
"500640",-0.640401341832982,-1.46785435224304
"502067",-0.799626772746504,0.965333454578053
"500991",-7.81748317565477,-1.03189402862746
"501444",-0.0533048187110014,-0.0960722158999922
"500648",-2.86918729627069,-0.819535782370218
"502114",1.04770022180435,1.08064283972707
"500254",1.89713735796503,-0.439050490530418
"503863",0.723530094717462,-0.72355755944599
"500040",-1.52649816546088,0.0846607084199436
"504796",-7.62168500055459,-1.79960074076547
"503123",-0.512367956315802,-0.434237899702433
"504289",0.51472951287327,0.69964808204259
"502950",0.0435505479893981,0.487328074166411
"504585",-2.35212003674571,0.905302615980909
"502810",-1.48444222102061,-1.26681319925063
"501147",-1.53590657573031,-0.693513705623565
"503202",-0.78181664261456,-1.25983379479118
"500984",1.16934194342123,0.931734601743821
"501849",-0.173766728870282,1.45643811223586
"502907",-0.774817353605859,0.637257223930736
"500362",1.13628281110192,-0.156785492280255
"502209",-3.21742892625065,-0.591541966658678
"502393",1.77608434191967,0.278641336604388
"502684",1.69544905360221,0.166194313216446
"500704",-1.46638614656029,-0.274084101462237
"503008",-0.664016093688805,-0.841094684669408
"503464",4.78650635686363,0.136601951050602
"500826",2.83124286453273,0.964514696519977
"500914",-1.34211407949874,-0.835063932411551
"500797",2.08304387616955,0.14580142516678
"501538",4.68302346266095,1.30035185750804
"501297",-4.96349702817848,-1.9717365326277
"501010",1.08086039225605,0.806337643370528
"501932",-5.67991704508634,-1.0048581756887
"503111",4.00148866022041,0.66770155050171
"504075",-4.79651210012994,-1.63908458290188
"502743",-3.83016531736282,-1.48134827083095
"500573",-0.159649019873415,-0.0971545391453162
"503425",-4.6910167594372,0.0144416103209659
"502423",-0.568643039629039,0.263953582421936
"504312",-6.69462730620852,-0.560964236152384
"502474",-1.11525043735749,-0.725147067025688
"501804",5.27146317234042,1.35392709071505
"500719",1.25303089781201,1.50268729776923
"504307",2.71663288413224,-0.704142482155422
"500731",3.52804940330252,-0.404021716269728
"504637",-1.27876443967484,0.728251987549656
"504935",-1.25768716037506,-1.24161388346505
"502767",-0.731739326802384,-0.656046238843802
"502779",-4.42598843523922,0.408836181883596
"502005",-1.67719415358027,-0.203891401975498
"504897",3.73843358103433,0.267298638416351
"501421",-1.02523078991646,-0.562527075443117
"504857",2.93226134043644,-0.056909419909501
"500048",3.98339991972071,0.637287778029379
"503972",-0.630158193765125,-0.564139627650077
"503898",-4.86070245796088,1.94245915507493
"504118",-2.34073635356514,-0.555445635360594
"504976",3.33625934883191,0.807946217436923
"502210",-4.83143021772466,-1.41696069263516
"502996",0.904026218820134,1.04516617311232
"501800",-0.551924938227482,-1.31264827567801
"504100",-0.87614274802145,-0.512281455956481
"501407",-2.92844595002143,-0.235955793223998
"501175",-1.73754457059646,0.27309951325646
"504065",-4.50777330321229,0.423438549756706
"504153",1.25942960473273,-0.932809766341359
"504532",3.69515675641201,1.34666211477837
"503396",-3.36971671912398,-0.640054225498991
"500958",1.43997664286544,1.37030016583802
"504827",4.66341274295225,0.976396088102099
"500676",-2.29927721846592,-0.766321826054753
"500683",-3.7485888013438,-3.00527880180035
"504193",0.969042862081038,0.843574511353377
"502106",3.76726187243169,0.0182100661103891
"500871",1.64490426906345,-0.389800729262773
"500878",-0.62201477960354,0.0854903783781099
"502843",-7.37001821961469,-2.3292402623353
"502468",-0.243661861836049,0.559757701727738
"504192",0.719259219590608,0.115365366211187
"501969",-1.0913027471262,-2.65805001761396
"500771",0.444382373421071,-1.15706102089428
"501482",-2.19729598642441,-1.04606065627334
"502324",1.35928989563515,0.888449193829738
"502890",1.02985601455187,0.527433525195597
"502373",-1.43106786197556,-0.432016725382644
"502847",-3.00749087592216,0.559369456523226
"502303",0.161498391126138,0.173138736273003
"503956",0.91896147978888,-0.0713617795568643
"504514",-1.62248718299136,-0.0300939617185593
"504953",0.198407444784929,0.525492670801841
"501772",3.42333608848968,0.735993950871833
"501449",-3.51258529903879,-0.838887252005798
"501747",-1.18837997228969,-0.948234723147304
"502392",0.00318276100668646,-0.936917416096169
"502330",-1.72207435780776,-0.607205522736271
"501312",-0.760747286100063,-0.691445256170573
"503302",3.07227163409667,0.942825771706282
"504867",-1.19751173597917,0.855578759304119
"500820",-1.26852962761716,-1.33466400840632
"503442",-0.256747921041373,0.605618934152941
"504263",-0.3639498793598,-0.947677169890176
"504424",-0.171248814478521,-1.35331174566256
"501360",0.352796613479864,-0.188834776133387
"501549",0.15906561621178,0.840114445514732
"500942",-0.462105808818444,1.03963828514687
"502587",3.12912912926189,-0.288947972628514
"501466",-2.01572538649217,-0.468998354317718
"501151",3.63162571586623,-0.406960104214291
"502920",0.0459954801550746,-0.0344226787224636
"502215",0.951539338119962,0.221864833827905
"501909",2.17001626253118,0.477876660093425
"502764",0.721269374673512,0.540921278321418
"501708",2.01424256875346,-0.228053611459133
"501413",1.51826062070083,0.915050351417099
"503294",2.6663770118361,0.850262630567371
"501693",-2.3881327371877,0.131605411903891
"501766",-0.175983458738997,-0.25572476842233
"500068",1.66921955264023,0.300280714295738
"502233",1.291865550913,0.716852104348772
"500980",-1.2170412642267,-0.564140889465319
"501258",2.7866500453984,0.588842291622146
"500264",-1.29616800415266,0.29439566446428
"502782",-4.56425376873412,-0.768456843108299
"504985",1.19622353052747,0.0809373840700168
"504522",1.74407324376204,0.0499764415397382
"503062",-0.350854050844436,0.36078024039492
"503521",-0.570672784370409,-1.49145407999749
"504942",-1.7148549947165,1.31221021142464
"502869",-0.242391896896714,0.220340157125563
"503284",-0.253131758333986,-0.378869490175989
"502929",0.246590954788689,0.38644275133698
"500541",2.88041006332246,1.17340585080919
"503962",-2.07815087049675,-0.350374187517507
"501103",0.290035868821536,-1.26258235418503
"504351",-0.187102471397737,-1.84235572479591
"502362",2.88358916273714,-0.0644802701435231
"504662",-3.0116035514748,-0.508103274550175
"503038",-0.387927256407384,-1.10964023552513
"502408",-1.19238347844852,-0.785723502434317
"500748",1.19103329916448,0.47310518949609
"501113",-0.391138690969453,-0.0603218640425148
"502095",4.58445186159111,-0.181339347886915
"500898",-0.125076175139553,-0.705330345118961
"500885",0.602969376696147,-0.916635366543491
"503163",-5.82456836561821,-2.22270305921683
"504609",-0.509591215991999,1.44889740703784
"503423",1.92110411840089,0.140814898452325
"501523",3.93430291155531,1.89681260081431
"501050",3.02927942422936,2.33302542227694
"503433",0.0662866039837205,0.220771430050677
"500946",-0.239762496281717,-0.578889309621621
"503641",0.88692452111988,0.431297858921675
"503441",-3.13936899134026,-1.94580463959392
"500323",1.9508246062531,-0.327359337503759
"504431",-0.581922491562989,0.302094029668116
"501135",0.757285492966536,0.299370500684063
"504853",-3.09323072924059,-1.11345973394433
"500267",-0.950593946898423,-0.407670522315008
"500002",1.29097168867829,-2.10340639912962
"501048",-0.303479726353961,0.621504722048696
"504696",-0.737527546523715,-0.106576938293717
"503807",-0.0271895055120082,0.754112002805881
"502596",0.245195934434407,0.436439329422869
"500482",-0.350223793499123,-0.770987918326117
"500061",1.96380268241182,0.487756353117076
"500076",-0.747293332106552,-0.139720405395375
"502051",-4.7832340487342,-0.67233897563854
"503341",1.74325830402999,0.739784170452136
"500869",0.87417894027068,-0.780118457805008
"502280",-0.768183536954243,-0.0754308974554778
"504267",0.0830966028997785,-0.479655424392687
"500586",0.429093002312593,0.252949654814698
"500970",3.03258787673292,-0.162706075822824
"502271",-0.865834018940315,0.817293274417385
"504884",-0.7767435179137,-0.317982476720533
"502856",0.81934446924241,0.113098889268104
"501314",-2.09465510751706,0.430329102984738
"504877",-1.7271326041553,-1.43717258180203
"500653",3.11589825510781,0.737433353469866
"501284",-1.08926925311893,-0.544465623969048
"503548",1.07365572161116,0.655009514928649
"503151",-0.0744913889589343,0.4225325391309
"501598",-0.77136749180469,-1.17762303488594
"503914",-0.0816681309395066,1.26943753493691
"503702",0.753390167538524,-0.735315669089637
"502090",-0.198351708725129,-0.0853583648809012
"504858",1.50320275704435,-0.17460925687882
"504038",0.00791585510117532,-2.06094326811968
"500866",-1.76211218165905,-0.89306469545465
"504885",-0.466288025423154,-1.05495025460059
"501712",-2.44539231031326,-1.09404236725236
"500655",1.00701457079551,0.37187302968409
"504030",-0.645536742263883,-0.961269417314034
"504390",-3.47167221166288,-0.0738109251576943
"502258",-0.818946246400722,0.402267605746174
"502681",-0.106370180036685,-0.808181576420857
"500026",1.57418055849987,-0.732031920957374
"501206",2.88783439472457,-0.20696809272828
"501695",4.61019222184984,-1.34339163144426
"504106",-3.66973556044128,-1.9696395145485
"500671",-2.28338259407219,-0.918287666404114
"502901",-3.01467745848371,-0.524096309774394
"500038",-3.04720075958853,-0.509749967508482
"504727",0.555428512236436,-0.73632666771732
"502370",3.52709686467628,0.239348866297645
"500851",0.208136719738263,0.817252227521064
"500901",-1.31391941473992,-0.00762775908831936
"501022",4.35538829306996,0.584170864194509
"503567",-1.19719559239244,-0.390068889995862
"503550",2.70607209414471,-1.18831102078475
"501546",-1.16630755809788,0.636143246795951
"504151",1.1533832720062,-1.24892148915591
"503780",-0.827850763757711,-0.304684349978774
"503501",1.72267694416686,0.0915726592010652
"503748",-0.79412981600683,-0.772047330166978
"501012",-2.64253785807186,0.431486775693303
"502997",0.75813523634757,0.155569904068885
"501553",-0.380676974111281,-0.961411203479441
"504073",-0.679709301047172,-2.21642381242838
"502317",0.577882800453664,-0.320735796778739
"501734",-1.33170353055715,-0.256763031970246
"504640",2.16641197565255,-0.188502181547899
"501242",-1.65594735622472,-1.19641597789253
"504391",3.76211097132159,1.35264966362213
"501497",-2.15025610739373,0.135835208193956
"502388",1.9503033992289,0.383953006285508
"504718",-0.140031017240687,-0.290578926882411
"501763",-0.200298986452113,0.91877726391522
"501139",0.156891146497023,0.985154645526467
"502457",0.395474242070915,-2.05431891404344
"503532",1.75401694758078,1.38774674670201
"500220",-0.695819650934096,-1.24166288792958
"503337",-0.426648817687181,-0.141989028200786
"503399",-0.926667297892828,-0.271682012280049
"502169",1.89103538581386,1.08888689094212
"501738",-3.05724184557748,-0.973393893390179
"500967",-2.23932386323093,-1.55153876486323
"504845",1.8788944140822,-0.781459589300573
"504631",-0.0400923392865111,-0.389846038328963
"501134",-0.971856222366225,-0.379821770606312
"500905",-0.293230248317861,0.448969442267441
"503100",0.294415595559729,-0.306695785460122
"502573",-3.91968779935577,-0.73925223666385
"500755",-1.04234444321511,0.90115788626715
"501350",-4.07159878693013,-0.836402637798587
"504230",-1.23416665299278,-0.917144381446082
"502554",0.417515765120984,0.139455287635164
"502248",-1.09646972600452,1.11431231159305
"502614",-1.21757828817635,0.225433313492714
"502015",-1.94418412792072,-0.227738656123605
"504529",-3.22680680627078,-0.989920796643002
"502086",0.367466470653606,-0.743809223730532
"502836",2.07234189524391,1.06516375753404
"501288",-0.204045882200865,-1.46655328710117
"504760",1.27091879141563,0.394258025486546
"501672",-0.433686502413279,0.482847421662248
"504206",-1.30930158111947,0.270413556656019
"503059",-0.288946570458872,-1.17272778740209
"503428",1.15619884393364,-1.17666633489383
"502276",-2.37378390185591,-0.935951607127433
"500171",-0.171013728588976,2.5932428355875
"500275",-1.27662217925049,-0.589009849763355
"501414",3.06050935276798,0.183015860934306
"504552",3.47167738852961,0.243141226575644
"503270",-2.73194344095571,-0.618163286967517
"504994",-3.10663125884263,-0.573592676058009
"502951",2.49319536652794,0.172832604438205
"500999",-0.758110460223043,0.358650571475286
"500774",1.48232183590619,0.968160406720126
"501767",-2.02731719718414,0.0692552555396097
"500412",1.90355862351143,0.221082141314949
"502461",-1.05207609676801,1.01004280499855
"501386",1.9270370459341,0.548077510564889
"504644",-3.0459998811502,-1.44647945528156
"504822",-1.43253321973414,-0.76026737947685
"502426",-0.404712794813179,0.0157103634259134
"502025",-7.33497568894619,-1.10780797056284
"503887",0.5360022296218,0.610195354969598
"503257",2.40805160924764,0.378030247321397
"502345",-0.956663203590995,0.972341512242788
"502463",1.53675180558281,-0.957543040647001
"502569",-0.763916273139506,0.638254937678887
"502003",1.67921982312793,0.240717778803507
"500686",2.21301309058321,0.414912022503489
"503551",-1.27884911010096,-1.45137607297137
"500172",0.886486805263647,-1.25406727006574
"502080",0.00770313723826097,-0.197782710995497
"501639",0.939324333768896,-0.518125398946934
"503118",-2.27961005789645,-1.87717860961856
"501384",-0.559617282729183,1.23143540036912
"504314",0.476658840947036,-0.243868026720267
"503696",0.843742264699911,0.940190227465172
"501917",-1.87643474795008,-1.28366312509493
"503271",-0.207325003351355,-1.19463312489818
"504184",2.97634554273186,1.94422172099387
"500537",0.790406354606247,-0.878229105994639
"501294",-3.39113684772625,0.680233345815184
"500053",-1.20589670702419,-0.571595044728859
"500807",-0.573713848420273,-1.12137968479197
"502225",-0.0571057304742957,0.881019649853738
"504132",0.189425489892063,1.34092325478234
"501257",-0.38931812398892,-2.29913701450485
"504345",4.32137399428166,1.09634020878534
"501315",1.7988277932837,0.368556120517332
"500395",0.823216735011392,0.804366422484711
"500525",0.456249726367621,-0.386930141208732
"504007",1.78707094409142,0.664839352220753
"501128",-4.07300806759684,-1.3974645190121
"503072",-3.29115779725745,-1.56015794126615
"502449",1.88986938730646,0.12949414495668
"504458",-3.10470414406959,-0.355974543119428
"503416",-2.09363411617066,-0.910806096465164
"500373",1.66540803302895,0.489244586094172
"503540",-3.07450661692938,-1.66558752967811
"502577",-2.65589444260004,0.786764619503917
"501860",-3.14125310082248,-1.87221431659888
"502900",-1.53316156033171,0.0985476669987545
"504356",0.944708074098944,-0.844134580928158
"503041",-3.43866425124404,0.193613290942141
"500790",-5.08511915946383,0.259797452437422
"501889",-1.19175873081896,-0.338749763913328
"503775",0.408495394846109,-0.060960172696865
"502643",1.89800628717192,1.36946885188007
"504932",0.202465482633541,1.23244675798817
"504035",-3.33145064930317,1.03317971898521
"501116",0.211601712576765,0.00930487604743307
"502936",-0.981373200449507,-0.552485218463138
"503126",2.31320471861068,0.997804152990347
"502543",2.52749165769499,1.64369759040747
"502093",3.49095519338432,-0.205421696881426
"501887",-1.99298774630104,-0.740611658897222
"502021",-0.814158590699466,-0.768262182385414
"503149",-0.950410512730176,-1.48529770850331
"504396",-4.08965349047763,-1.75415138416444
"502311",0.626797189232029,-0.704266693002141
"501487",2.30891423481802,0.905740246940749
"502394",0.617421796058315,0.278109547722032
"500027",-3.17295409144374,-1.17435299350125
"501678",1.75456968479771,0.853576173065489
"504315",-0.754090622188879,-0.571050318260809
"501996",1.93279620553674,0.153501859804497
"502299",-5.14021387983229,-1.19233686129083
"501833",-1.25067753835641,-0.548548450080704
"503784",-3.74461606157952,-0.960600587092259
"500847",0.374256761404471,-0.512847777503997
"504483",-2.59763784174328,-0.960402723220515
"500792",1.13269733415141,1.00845774744275
"500427",-0.355929644663327,0.411902153986393
"500931",0.215783838797491,-0.679649619125065
"501831",-1.00778912627946,-0.608955961471493
"500475",-1.39463648728993,2.94262832857803
"504788",-1.18013230211951,0.624539948422957
"504122",-3.45117410535275,-1.24417534485388
"503572",3.85625940861724,2.47687439467219
"502458",2.03593285852075,-0.0813691737525356
"502586",0.0526780343722095,0.955712185003096
"502866",-1.91910544589333,-0.452917417114314
"503630",0.072685041459139,0.735316505560814
"500354",0.390138758527492,-1.1795328797182
"503326",4.18374611882003,1.89961473304432
"504969",-4.23461541658072,-1.94103653775698
"502848",-1.6449297877491,0.280743376012909
"500366",-3.55334926423536,0.0707216765814991
"503999",3.7542500532355,2.0177549568394
"500775",-3.18268998817599,-0.638662016693937
"504557",-1.01013695827896,-0.133000000315845
"504243",-0.371665273932046,-0.512821961319277
"500345",1.58397101689797,-1.1428720894168
"501886",3.72548777368496,0.934944597495377
"500556",0.311641966501436,-0.449917934596983
"501874",1.78862716383606,-1.53495849561323
"504433",-1.93895430455701,1.20587295581499
"504929",-4.68713548683222,-0.820934992452369
"503379",-1.64605186024223,-0.42862458328309
"501209",-0.706030788040913,-0.72305751031013
"504657",-0.0112573810406691,-1.96663101028081
"503042",0.169115576478494,0.0606406138906382
"502227",1.08107678850735,-0.157265881027851
"504512",-2.76670174865462,-0.560798072131268
"503910",0.0171621683083751,-1.73389367467486
"500294",-3.31598373302828,-0.308328700520081
"501652",2.87021572985576,-0.208176059349822
"500768",-1.42064206509139,-1.06701196867506
"503724",1.84054335235453,1.24053856032741
"504678",1.68350789723532,-0.444375736406646
"500557",-1.09621359442086,-1.81678682638573
"500160",-1.4380293255539,0.872963679846911
"503145",-2.69428234485351,1.2075715070476
"504537",-0.591095313830867,-0.167554141086809
"504276",-2.09500386289776,0.60489310902558
"500375",-1.34129185870972,-0.143282276835047
"504527",-1.44319585396666,-0.238816414301838
"501980",-3.73416231626805,-0.382598612613947
"502479",-0.752718770069041,-0.241380822447311
"503340",-3.79621514305406,-0.71662819105483
"500483",-0.344456505534948,0.641384222167166
"502238",-1.45468451792343,-0.837912566601719
"500840",-1.33477457788193,-1.30213975932117
"503365",2.33761717342017,0.452733344148047
"502256",2.64957162803523,-0.177397381123863
"503614",1.08839758507254,0.648149307773513
"502578",-0.606960232246656,-0.30262092629973
"502777",-4.47737229895367,-1.28336803685202
"500414",2.85631983231813,0.110759013030904
"501644",1.10609720320092,-0.186180269263738
"504566",-0.712512069508618,-0.382504407291598
"504015",-2.81388852537639,0.137880677821917
"500658",-2.26833444908291,-1.33506871000179
"504817",1.6208313223467,-0.00586709234344873
"501073",-1.91429645120738,-2.49630877625384
"501321",-2.6112057550645,-0.912258111109067
"504460",-0.208218314232478,0.967114599453635
"504589",-0.948682693741491,-0.571006506395235
"500258",-2.64179290473653,-0.791156937177271
"504166",-0.2430677487145,-1.00903457773849
"502041",-2.169930852039,0.684971173300063
"502499",0.723875861686993,1.45560001114439
"502628",0.0397633447236828,0.511519064958817
"500791",2.42216891749841,0.262456411466757
"501713",-3.3467648135927,-1.13645757249714
"502761",-0.69195460533935,-2.4283438788416
"500547",0.219512137947301,-0.297289600279053
"500684",-1.15985931828578,-0.71119094275766
"500402",1.30664504459844,-2.49526001316255
"502282",-1.9365801906129,-1.63105265152051
"502898",1.45015972307995,0.795221554804646
"502792",-0.83659691964646,1.19032702697605
"501118",4.26204752224775,0.79858457918398
"503334",0.479224600359847,0.392301953576243
"504145",-3.62261913368109,-0.58971133578003
"504617",-4.09979765660384,-2.5508100373222
"500070",0.846353836323535,0.20197766286612
"501501",0.176150782315926,-0.496827289412282
"504671",0.613737226192037,1.13498894685193
"504579",-1.65091796616692,0.790247236676161
"503994",-2.51981871059917,-0.443641958924343
"502319",1.48057112880941,-0.469380727374592
"504196",0.629075578531565,0.322093799409022
"500177",1.17312937954491,0.826873368687451
"504194",-3.12188856835442,-0.647392356413722
"503352",-1.18954037010751,-0.525251859469315
"503022",1.23223557965387,-0.0466454311650797
"504220",0.997954518021747,-0.133224197301572
"500527",0.631578429604758,0.704889685852582
"500817",2.79792005731963,1.00927310169871
"500207",-2.3663190276833,0.0558543346133561
"502772",-2.09505406047058,-0.415035378231807
"500498",-2.30844031914013,-0.415727173820477
"503148",3.74134455992442,-1.00309359708085
