status_number,rep,case,path,genetic_response
10,1,no_contamination,G:/내 드라이브/GitHub/OptOrch/03_manuscript_reproduction/004_figures/figure3_genetic_response/../../002_scenario1_status_number/outputs/ns_10/rep_1/summary.csv,1.51440187285194
10,2,no_contamination,G:/내 드라이브/GitHub/OptOrch/03_manuscript_reproduction/004_figures/figure3_genetic_response/../../002_scenario1_status_number/outputs/ns_10/rep_2/summary.csv,1.34196455883255
10,3,no_contamination,G:/내 드라이브/GitHub/OptOrch/03_manuscript_reproduction/004_figures/figure3_genetic_response/../../002_scenario1_status_number/outputs/ns_10/rep_3/summary.csv,1.81435086858468
10,4,no_contamination,G:/내 드라이브/GitHub/OptOrch/03_manuscript_reproduction/004_figures/figure3_genetic_response/../../002_scenario1_status_number/outputs/ns_10/rep_4/summary.csv,1.48309111587414
10,5,no_contamination,G:/내 드라이브/GitHub/OptOrch/03_manuscript_reproduction/004_figures/figure3_genetic_response/../../002_scenario1_status_number/outputs/ns_10/rep_5/summary.csv,1.50152408702997
10,6,no_contamination,G:/내 드라이브/GitHub/OptOrch/03_manuscript_reproduction/004_figures/figure3_genetic_response/../../002_scenario1_status_number/outputs/ns_10/rep_6/summary.csv,1.49410015555871
10,7,no_contamination,G:/내 드라이브/GitHub/OptOrch/03_manuscript_reproduction/004_figures/figure3_genetic_response/../../002_scenario1_status_number/outputs/ns_10/rep_7/summary.csv,1.59316080534846
10,8,no_contamination,G:/내 드라이브/GitHub/OptOrch/03_manuscript_reproduction/004_figures/figure3_genetic_response/../../002_scenario1_status_number/outputs/ns_10/rep_8/summary.csv,1.5533423000222
10,9,no_contamination,G:/내 드라이브/GitHub/OptOrch/03_manuscript_reproduction/004_figures/figure3_genetic_response/../../002_scenario1_status_number/outputs/ns_10/rep_9/summary.csv,1.69042440396462
10,10,no_contamination,G:/내 드라이브/GitHub/OptOrch/03_manuscript_reproduction/004_figures/figure3_genetic_response/../../002_scenario1_status_number/outputs/ns_10/rep_10/summary.csv,1.89060141393972
10,11,no_contamination,G:/내 드라이브/GitHub/OptOrch/03_manuscript_reproduction/004_figures/figure3_genetic_response/../../002_scenario1_status_number/outputs/ns_10/rep_11/summary.csv,1.78359270057022
10,12,no_contamination,G:/내 드라이브/GitHub/OptOrch/03_manuscript_reproduction/004_figures/figure3_genetic_response/../../002_scenario1_status_number/outputs/ns_10/rep_12/summary.csv,1.78737164663452
10,13,no_contamination,G:/내 드라이브/GitHub/OptOrch/03_manuscript_reproduction/004_figures/figure3_genetic_response/../../002_scenario1_status_number/outputs/ns_10/rep_13/summary.csv,1.51292848142241
10,14,no_contamination,G:/내 드라이브/GitHub/OptOrch/03_manuscript_reproduction/004_figures/figure3_genetic_response/../../002_scenario1_status_number/outputs/ns_10/rep_14/summary.csv,1.51518929769341
10,15,no_contamination,G:/내 드라이브/GitHub/OptOrch/03_manuscript_reproduction/004_figures/figure3_genetic_response/../../002_scenario1_status_number/outputs/ns_10/rep_15/summary.csv,1.54934418625502
10,16,no_contamination,G:/내 드라이브/GitHub/OptOrch/03_manuscript_reproduction/004_figures/figure3_genetic_response/../../002_scenario1_status_number/outputs/ns_10/rep_16/summary.csv,1.8821053310056
10,17,no_contamination,G:/내 드라이브/GitHub/OptOrch/03_manuscript_reproduction/004_figures/figure3_genetic_response/../../002_scenario1_status_number/outputs/ns_10/rep_17/summary.csv,1.45161044149431
10,18,no_contamination,G:/내 드라이브/GitHub/OptOrch/03_manuscript_reproduction/004_figures/figure3_genetic_response/../../002_scenario1_status_number/outputs/ns_10/rep_18/summary.csv,1.38083781780266
10,19,no_contamination,G:/내 드라이브/GitHub/OptOrch/03_manuscript_reproduction/004_figures/figure3_genetic_response/../../002_scenario1_status_number/outputs/ns_10/rep_19/summary.csv,1.90944211868613
10,20,no_contamination,G:/내 드라이브/GitHub/OptOrch/03_manuscript_reproduction/004_figures/figure3_genetic_response/../../002_scenario1_status_number/outputs/ns_10/rep_20/summary.csv,1.63875117026031
10,21,no_contamination,G:/내 드라이브/GitHub/OptOrch/03_manuscript_reproduction/004_figures/figure3_genetic_response/../../002_scenario1_status_number/outputs/ns_10/rep_21/summary.csv,1.37803402489811
10,22,no_contamination,G:/내 드라이브/GitHub/OptOrch/03_manuscript_reproduction/004_figures/figure3_genetic_response/../../002_scenario1_status_number/outputs/ns_10/rep_22/summary.csv,1.48661090331837
10,23,no_contamination,G:/내 드라이브/GitHub/OptOrch/03_manuscript_reproduction/004_figures/figure3_genetic_response/../../002_scenario1_status_number/outputs/ns_10/rep_23/summary.csv,1.51569974805101
10,24,no_contamination,G:/내 드라이브/GitHub/OptOrch/03_manuscript_reproduction/004_figures/figure3_genetic_response/../../002_scenario1_status_number/outputs/ns_10/rep_24/summary.csv,1.57593830127802
10,25,no_contamination,G:/내 드라이브/GitHub/OptOrch/03_manuscript_reproduction/004_figures/figure3_genetic_response/../../002_scenario1_status_number/outputs/ns_10/rep_25/summary.csv,1.69785850562144
10,26,no_contamination,G:/내 드라이브/GitHub/OptOrch/03_manuscript_reproduction/004_figures/figure3_genetic_response/../../002_scenario1_status_number/outputs/ns_10/rep_26/summary.csv,1.39785188157438
10,27,no_contamination,G:/내 드라이브/GitHub/OptOrch/03_manuscript_reproduction/004_figures/figure3_genetic_response/../../002_scenario1_status_number/outputs/ns_10/rep_27/summary.csv,1.63988792138279
10,28,no_contamination,G:/내 드라이브/GitHub/OptOrch/03_manuscript_reproduction/004_figures/figure3_genetic_response/../../002_scenario1_status_number/outputs/ns_10/rep_28/summary.csv,1.64724440788162
10,29,no_contamination,G:/내 드라이브/GitHub/OptOrch/03_manuscript_reproduction/004_figures/figure3_genetic_response/../../002_scenario1_status_number/outputs/ns_10/rep_29/summary.csv,1.49522600518138
10,30,no_contamination,G:/내 드라이브/GitHub/OptOrch/03_manuscript_reproduction/004_figures/figure3_genetic_response/../../002_scenario1_status_number/outputs/ns_10/rep_30/summary.csv,1.56124971255528
20,1,no_contamination,G:/내 드라이브/GitHub/OptOrch/03_manuscript_reproduction/004_figures/figure3_genetic_response/../../002_scenario1_status_number/outputs/ns_20/rep_1/summary.csv,1.40111335551185
20,2,no_contamination,G:/내 드라이브/GitHub/OptOrch/03_manuscript_reproduction/004_figures/figure3_genetic_response/../../002_scenario1_status_number/outputs/ns_20/rep_2/summary.csv,1.25248300416858
20,3,no_contamination,G:/내 드라이브/GitHub/OptOrch/03_manuscript_reproduction/004_figures/figure3_genetic_response/../../002_scenario1_status_number/outputs/ns_20/rep_3/summary.csv,1.67149890874502
20,4,no_contamination,G:/내 드라이브/GitHub/OptOrch/03_manuscript_reproduction/004_figures/figure3_genetic_response/../../002_scenario1_status_number/outputs/ns_20/rep_4/summary.csv,1.35033671323978
20,5,no_contamination,G:/내 드라이브/GitHub/OptOrch/03_manuscript_reproduction/004_figures/figure3_genetic_response/../../002_scenario1_status_number/outputs/ns_20/rep_5/summary.csv,1.37008537596736
20,6,no_contamination,G:/내 드라이브/GitHub/OptOrch/03_manuscript_reproduction/004_figures/figure3_genetic_response/../../002_scenario1_status_number/outputs/ns_20/rep_6/summary.csv,1.35734863888815
20,7,no_contamination,G:/내 드라이브/GitHub/OptOrch/03_manuscript_reproduction/004_figures/figure3_genetic_response/../../002_scenario1_status_number/outputs/ns_20/rep_7/summary.csv,1.38664238786344
20,8,no_contamination,G:/내 드라이브/GitHub/OptOrch/03_manuscript_reproduction/004_figures/figure3_genetic_response/../../002_scenario1_status_number/outputs/ns_20/rep_8/summary.csv,1.46643698487602
20,9,no_contamination,G:/내 드라이브/GitHub/OptOrch/03_manuscript_reproduction/004_figures/figure3_genetic_response/../../002_scenario1_status_number/outputs/ns_20/rep_9/summary.csv,1.51632985908704
20,10,no_contamination,G:/내 드라이브/GitHub/OptOrch/03_manuscript_reproduction/004_figures/figure3_genetic_response/../../002_scenario1_status_number/outputs/ns_20/rep_10/summary.csv,1.71444902281872
20,11,no_contamination,G:/내 드라이브/GitHub/OptOrch/03_manuscript_reproduction/004_figures/figure3_genetic_response/../../002_scenario1_status_number/outputs/ns_20/rep_11/summary.csv,1.61508080505815
20,12,no_contamination,G:/내 드라이브/GitHub/OptOrch/03_manuscript_reproduction/004_figures/figure3_genetic_response/../../002_scenario1_status_number/outputs/ns_20/rep_12/summary.csv,1.63190541599886
20,13,no_contamination,G:/내 드라이브/GitHub/OptOrch/03_manuscript_reproduction/004_figures/figure3_genetic_response/../../002_scenario1_status_number/outputs/ns_20/rep_13/summary.csv,1.36040372756137
20,14,no_contamination,G:/내 드라이브/GitHub/OptOrch/03_manuscript_reproduction/004_figures/figure3_genetic_response/../../002_scenario1_status_number/outputs/ns_20/rep_14/summary.csv,1.35164220490393
20,15,no_contamination,G:/내 드라이브/GitHub/OptOrch/03_manuscript_reproduction/004_figures/figure3_genetic_response/../../002_scenario1_status_number/outputs/ns_20/rep_15/summary.csv,1.41357619476252
20,16,no_contamination,G:/내 드라이브/GitHub/OptOrch/03_manuscript_reproduction/004_figures/figure3_genetic_response/../../002_scenario1_status_number/outputs/ns_20/rep_16/summary.csv,1.63510365813753
20,17,no_contamination,G:/내 드라이브/GitHub/OptOrch/03_manuscript_reproduction/004_figures/figure3_genetic_response/../../002_scenario1_status_number/outputs/ns_20/rep_17/summary.csv,1.30771507974204
20,18,no_contamination,G:/내 드라이브/GitHub/OptOrch/03_manuscript_reproduction/004_figures/figure3_genetic_response/../../002_scenario1_status_number/outputs/ns_20/rep_18/summary.csv,1.26269270518569
20,19,no_contamination,G:/내 드라이브/GitHub/OptOrch/03_manuscript_reproduction/004_figures/figure3_genetic_response/../../002_scenario1_status_number/outputs/ns_20/rep_19/summary.csv,1.72662054255803
20,20,no_contamination,G:/내 드라이브/GitHub/OptOrch/03_manuscript_reproduction/004_figures/figure3_genetic_response/../../002_scenario1_status_number/outputs/ns_20/rep_20/summary.csv,1.49966497704835
20,21,no_contamination,G:/내 드라이브/GitHub/OptOrch/03_manuscript_reproduction/004_figures/figure3_genetic_response/../../002_scenario1_status_number/outputs/ns_20/rep_21/summary.csv,1.28635174447191
20,22,no_contamination,G:/내 드라이브/GitHub/OptOrch/03_manuscript_reproduction/004_figures/figure3_genetic_response/../../002_scenario1_status_number/outputs/ns_20/rep_22/summary.csv,1.3782810198238
20,23,no_contamination,G:/내 드라이브/GitHub/OptOrch/03_manuscript_reproduction/004_figures/figure3_genetic_response/../../002_scenario1_status_number/outputs/ns_20/rep_23/summary.csv,1.36688317777199
20,24,no_contamination,G:/내 드라이브/GitHub/OptOrch/03_manuscript_reproduction/004_figures/figure3_genetic_response/../../002_scenario1_status_number/outputs/ns_20/rep_24/summary.csv,1.41322944777454
20,25,no_contamination,G:/내 드라이브/GitHub/OptOrch/03_manuscript_reproduction/004_figures/figure3_genetic_response/../../002_scenario1_status_number/outputs/ns_20/rep_25/summary.csv,1.51281885671701
20,26,no_contamination,G:/내 드라이브/GitHub/OptOrch/03_manuscript_reproduction/004_figures/figure3_genetic_response/../../002_scenario1_status_number/outputs/ns_20/rep_26/summary.csv,1.24962143567696
20,27,no_contamination,G:/내 드라이브/GitHub/OptOrch/03_manuscript_reproduction/004_figures/figure3_genetic_response/../../002_scenario1_status_number/outputs/ns_20/rep_27/summary.csv,1.51661696658406
20,28,no_contamination,G:/내 드라이브/GitHub/OptOrch/03_manuscript_reproduction/004_figures/figure3_genetic_response/../../002_scenario1_status_number/outputs/ns_20/rep_28/summary.csv,1.49277123732855
20,29,no_contamination,G:/내 드라이브/GitHub/OptOrch/03_manuscript_reproduction/004_figures/figure3_genetic_response/../../002_scenario1_status_number/outputs/ns_20/rep_29/summary.csv,1.37948727561607
20,30,no_contamination,G:/내 드라이브/GitHub/OptOrch/03_manuscript_reproduction/004_figures/figure3_genetic_response/../../002_scenario1_status_number/outputs/ns_20/rep_30/summary.csv,1.41029873436962
30,1,no_contamination,G:/내 드라이브/GitHub/OptOrch/03_manuscript_reproduction/004_figures/figure3_genetic_response/../../002_scenario1_status_number/outputs/ns_30/rep_1/summary.csv,1.31225079435513
30,2,no_contamination,G:/내 드라이브/GitHub/OptOrch/03_manuscript_reproduction/004_figures/figure3_genetic_response/../../002_scenario1_status_number/outputs/ns_30/rep_2/summary.csv,1.18262576877695
30,3,no_contamination,G:/내 드라이브/GitHub/OptOrch/03_manuscript_reproduction/004_figures/figure3_genetic_response/../../002_scenario1_status_number/outputs/ns_30/rep_3/summary.csv,1.55890576138084
30,4,no_contamination,G:/내 드라이브/GitHub/OptOrch/03_manuscript_reproduction/004_figures/figure3_genetic_response/../../002_scenario1_status_number/outputs/ns_30/rep_4/summary.csv,1.24983925494343
30,5,no_contamination,G:/내 드라이브/GitHub/OptOrch/03_manuscript_reproduction/004_figures/figure3_genetic_response/../../002_scenario1_status_number/outputs/ns_30/rep_5/summary.csv,1.29024639529506
30,6,no_contamination,G:/내 드라이브/GitHub/OptOrch/03_manuscript_reproduction/004_figures/figure3_genetic_response/../../002_scenario1_status_number/outputs/ns_30/rep_6/summary.csv,1.261467246656
30,7,no_contamination,G:/내 드라이브/GitHub/OptOrch/03_manuscript_reproduction/004_figures/figure3_genetic_response/../../002_scenario1_status_number/outputs/ns_30/rep_7/summary.csv,1.26859119000174
30,8,no_contamination,G:/내 드라이브/GitHub/OptOrch/03_manuscript_reproduction/004_figures/figure3_genetic_response/../../002_scenario1_status_number/outputs/ns_30/rep_8/summary.csv,1.38969018830004
30,9,no_contamination,G:/내 드라이브/GitHub/OptOrch/03_manuscript_reproduction/004_figures/figure3_genetic_response/../../002_scenario1_status_number/outputs/ns_30/rep_9/summary.csv,1.40106692294788
30,10,no_contamination,G:/내 드라이브/GitHub/OptOrch/03_manuscript_reproduction/004_figures/figure3_genetic_response/../../002_scenario1_status_number/outputs/ns_30/rep_10/summary.csv,1.58974864472763
30,11,no_contamination,G:/내 드라이브/GitHub/OptOrch/03_manuscript_reproduction/004_figures/figure3_genetic_response/../../002_scenario1_status_number/outputs/ns_30/rep_11/summary.csv,1.51389102780764
30,12,no_contamination,G:/내 드라이브/GitHub/OptOrch/03_manuscript_reproduction/004_figures/figure3_genetic_response/../../002_scenario1_status_number/outputs/ns_30/rep_12/summary.csv,1.5225865656912
30,13,no_contamination,G:/내 드라이브/GitHub/OptOrch/03_manuscript_reproduction/004_figures/figure3_genetic_response/../../002_scenario1_status_number/outputs/ns_30/rep_13/summary.csv,1.26021769315146
30,14,no_contamination,G:/내 드라이브/GitHub/OptOrch/03_manuscript_reproduction/004_figures/figure3_genetic_response/../../002_scenario1_status_number/outputs/ns_30/rep_14/summary.csv,1.25099378406413
30,15,no_contamination,G:/내 드라이브/GitHub/OptOrch/03_manuscript_reproduction/004_figures/figure3_genetic_response/../../002_scenario1_status_number/outputs/ns_30/rep_15/summary.csv,1.30682621112796
30,16,no_contamination,G:/내 드라이브/GitHub/OptOrch/03_manuscript_reproduction/004_figures/figure3_genetic_response/../../002_scenario1_status_number/outputs/ns_30/rep_16/summary.csv,1.48919293567501
30,17,no_contamination,G:/내 드라이브/GitHub/OptOrch/03_manuscript_reproduction/004_figures/figure3_genetic_response/../../002_scenario1_status_number/outputs/ns_30/rep_17/summary.csv,1.20904869601132
30,18,no_contamination,G:/내 드라이브/GitHub/OptOrch/03_manuscript_reproduction/004_figures/figure3_genetic_response/../../002_scenario1_status_number/outputs/ns_30/rep_18/summary.csv,1.19112889333767
30,19,no_contamination,G:/내 드라이브/GitHub/OptOrch/03_manuscript_reproduction/004_figures/figure3_genetic_response/../../002_scenario1_status_number/outputs/ns_30/rep_19/summary.csv,1.5988915593121
30,20,no_contamination,G:/내 드라이브/GitHub/OptOrch/03_manuscript_reproduction/004_figures/figure3_genetic_response/../../002_scenario1_status_number/outputs/ns_30/rep_20/summary.csv,1.39880188359368
30,21,no_contamination,G:/내 드라이브/GitHub/OptOrch/03_manuscript_reproduction/004_figures/figure3_genetic_response/../../002_scenario1_status_number/outputs/ns_30/rep_21/summary.csv,1.20074237692487
30,22,no_contamination,G:/내 드라이브/GitHub/OptOrch/03_manuscript_reproduction/004_figures/figure3_genetic_response/../../002_scenario1_status_number/outputs/ns_30/rep_22/summary.csv,1.30213925252335
30,23,no_contamination,G:/내 드라이브/GitHub/OptOrch/03_manuscript_reproduction/004_figures/figure3_genetic_response/../../002_scenario1_status_number/outputs/ns_30/rep_23/summary.csv,1.27058776405222
30,24,no_contamination,G:/내 드라이브/GitHub/OptOrch/03_manuscript_reproduction/004_figures/figure3_genetic_response/../../002_scenario1_status_number/outputs/ns_30/rep_24/summary.csv,1.3079534479938
30,25,no_contamination,G:/내 드라이브/GitHub/OptOrch/03_manuscript_reproduction/004_figures/figure3_genetic_response/../../002_scenario1_status_number/outputs/ns_30/rep_25/summary.csv,1.40527543761211
30,26,no_contamination,G:/내 드라이브/GitHub/OptOrch/03_manuscript_reproduction/004_figures/figure3_genetic_response/../../002_scenario1_status_number/outputs/ns_30/rep_26/summary.csv,1.16337095716914
30,27,no_contamination,G:/내 드라이브/GitHub/OptOrch/03_manuscript_reproduction/004_figures/figure3_genetic_response/../../002_scenario1_status_number/outputs/ns_30/rep_27/summary.csv,1.42431742912031
30,28,no_contamination,G:/내 드라이브/GitHub/OptOrch/03_manuscript_reproduction/004_figures/figure3_genetic_response/../../002_scenario1_status_number/outputs/ns_30/rep_28/summary.csv,1.38963145208704
30,29,no_contamination,G:/내 드라이브/GitHub/OptOrch/03_manuscript_reproduction/004_figures/figure3_genetic_response/../../002_scenario1_status_number/outputs/ns_30/rep_29/summary.csv,1.29970349681667
30,30,no_contamination,G:/내 드라이브/GitHub/OptOrch/03_manuscript_reproduction/004_figures/figure3_genetic_response/../../002_scenario1_status_number/outputs/ns_30/rep_30/summary.csv,1.30018124517917
40,1,no_contamination,G:/내 드라이브/GitHub/OptOrch/03_manuscript_reproduction/004_figures/figure3_genetic_response/../../002_scenario1_status_number/outputs/ns_40/rep_1/summary.csv,1.23898472224065
40,2,no_contamination,G:/내 드라이브/GitHub/OptOrch/03_manuscript_reproduction/004_figures/figure3_genetic_response/../../002_scenario1_status_number/outputs/ns_40/rep_2/summary.csv,1.12491144496159
40,3,no_contamination,G:/내 드라이브/GitHub/OptOrch/03_manuscript_reproduction/004_figures/figure3_genetic_response/../../002_scenario1_status_number/outputs/ns_40/rep_3/summary.csv,1.4655391043039
40,4,no_contamination,G:/내 드라이브/GitHub/OptOrch/03_manuscript_reproduction/004_figures/figure3_genetic_response/../../002_scenario1_status_number/outputs/ns_40/rep_4/summary.csv,1.17570215613135
40,5,no_contamination,G:/내 드라이브/GitHub/OptOrch/03_manuscript_reproduction/004_figures/figure3_genetic_response/../../002_scenario1_status_number/outputs/ns_40/rep_5/summary.csv,1.23479065250958
40,6,no_contamination,G:/내 드라이브/GitHub/OptOrch/03_manuscript_reproduction/004_figures/figure3_genetic_response/../../002_scenario1_status_number/outputs/ns_40/rep_6/summary.csv,1.19240190761719
40,7,no_contamination,G:/내 드라이브/GitHub/OptOrch/03_manuscript_reproduction/004_figures/figure3_genetic_response/../../002_scenario1_status_number/outputs/ns_40/rep_7/summary.csv,1.18502663172678
40,8,no_contamination,G:/내 드라이브/GitHub/OptOrch/03_manuscript_reproduction/004_figures/figure3_genetic_response/../../002_scenario1_status_number/outputs/ns_40/rep_8/summary.csv,1.32651801566911
40,9,no_contamination,G:/내 드라이브/GitHub/OptOrch/03_manuscript_reproduction/004_figures/figure3_genetic_response/../../002_scenario1_status_number/outputs/ns_40/rep_9/summary.csv,1.31885004476092
40,10,no_contamination,G:/내 드라이브/GitHub/OptOrch/03_manuscript_reproduction/004_figures/figure3_genetic_response/../../002_scenario1_status_number/outputs/ns_40/rep_10/summary.csv,1.50215833917575
40,11,no_contamination,G:/내 드라이브/GitHub/OptOrch/03_manuscript_reproduction/004_figures/figure3_genetic_response/../../002_scenario1_status_number/outputs/ns_40/rep_11/summary.csv,1.43383744748998
40,12,no_contamination,G:/내 드라이브/GitHub/OptOrch/03_manuscript_reproduction/004_figures/figure3_genetic_response/../../002_scenario1_status_number/outputs/ns_40/rep_12/summary.csv,1.44681915908388
40,13,no_contamination,G:/내 드라이브/GitHub/OptOrch/03_manuscript_reproduction/004_figures/figure3_genetic_response/../../002_scenario1_status_number/outputs/ns_40/rep_13/summary.csv,1.18796546673583
40,14,no_contamination,G:/내 드라이브/GitHub/OptOrch/03_manuscript_reproduction/004_figures/figure3_genetic_response/../../002_scenario1_status_number/outputs/ns_40/rep_14/summary.csv,1.17575630016313
40,15,no_contamination,G:/내 드라이브/GitHub/OptOrch/03_manuscript_reproduction/004_figures/figure3_genetic_response/../../002_scenario1_status_number/outputs/ns_40/rep_15/summary.csv,1.22854955338174
40,16,no_contamination,G:/내 드라이브/GitHub/OptOrch/03_manuscript_reproduction/004_figures/figure3_genetic_response/../../002_scenario1_status_number/outputs/ns_40/rep_16/summary.csv,1.38631172856644
40,17,no_contamination,G:/내 드라이브/GitHub/OptOrch/03_manuscript_reproduction/004_figures/figure3_genetic_response/../../002_scenario1_status_number/outputs/ns_40/rep_17/summary.csv,1.13345283015079
40,18,no_contamination,G:/내 드라이브/GitHub/OptOrch/03_manuscript_reproduction/004_figures/figure3_genetic_response/../../002_scenario1_status_number/outputs/ns_40/rep_18/summary.csv,1.12792415999013
40,19,no_contamination,G:/내 드라이브/GitHub/OptOrch/03_manuscript_reproduction/004_figures/figure3_genetic_response/../../002_scenario1_status_number/outputs/ns_40/rep_19/summary.csv,1.50682751438575
40,20,no_contamination,G:/내 드라이브/GitHub/OptOrch/03_manuscript_reproduction/004_figures/figure3_genetic_response/../../002_scenario1_status_number/outputs/ns_40/rep_20/summary.csv,1.32567560969312
40,21,no_contamination,G:/내 드라이브/GitHub/OptOrch/03_manuscript_reproduction/004_figures/figure3_genetic_response/../../002_scenario1_status_number/outputs/ns_40/rep_21/summary.csv,1.13629089371083
40,22,no_contamination,G:/내 드라이브/GitHub/OptOrch/03_manuscript_reproduction/004_figures/figure3_genetic_response/../../002_scenario1_status_number/outputs/ns_40/rep_22/summary.csv,1.23670743492691
40,23,no_contamination,G:/내 드라이브/GitHub/OptOrch/03_manuscript_reproduction/004_figures/figure3_genetic_response/../../002_scenario1_status_number/outputs/ns_40/rep_23/summary.csv,1.19231891728754
40,24,no_contamination,G:/내 드라이브/GitHub/OptOrch/03_manuscript_reproduction/004_figures/figure3_genetic_response/../../002_scenario1_status_number/outputs/ns_40/rep_24/summary.csv,1.22842072017856
40,25,no_contamination,G:/내 드라이브/GitHub/OptOrch/03_manuscript_reproduction/004_figures/figure3_genetic_response/../../002_scenario1_status_number/outputs/ns_40/rep_25/summary.csv,1.32550231528198
40,26,no_contamination,G:/내 드라이브/GitHub/OptOrch/03_manuscript_reproduction/004_figures/figure3_genetic_response/../../002_scenario1_status_number/outputs/ns_40/rep_26/summary.csv,1.10065085306695
40,27,no_contamination,G:/내 드라이브/GitHub/OptOrch/03_manuscript_reproduction/004_figures/figure3_genetic_response/../../002_scenario1_status_number/outputs/ns_40/rep_27/summary.csv,1.36014250825362
40,28,no_contamination,G:/내 드라이브/GitHub/OptOrch/03_manuscript_reproduction/004_figures/figure3_genetic_response/../../002_scenario1_status_number/outputs/ns_40/rep_28/summary.csv,1.30641491264636
40,29,no_contamination,G:/내 드라이브/GitHub/OptOrch/03_manuscript_reproduction/004_figures/figure3_genetic_response/../../002_scenario1_status_number/outputs/ns_40/rep_29/summary.csv,1.23042582989097
40,30,no_contamination,G:/내 드라이브/GitHub/OptOrch/03_manuscript_reproduction/004_figures/figure3_genetic_response/../../002_scenario1_status_number/outputs/ns_40/rep_30/summary.csv,1.22053138576068
10,1,contamination,G:/내 드라이브/GitHub/OptOrch/03_manuscript_reproduction/004_figures/figure3_genetic_response/../../003_scenario2_pollen_contamination/outputs/ns_10/rep_1/summary.csv,1.28184220400844
10,2,contamination,G:/내 드라이브/GitHub/OptOrch/03_manuscript_reproduction/004_figures/figure3_genetic_response/../../003_scenario2_pollen_contamination/outputs/ns_10/rep_2/summary.csv,1.12276209688604
10,3,contamination,G:/내 드라이브/GitHub/OptOrch/03_manuscript_reproduction/004_figures/figure3_genetic_response/../../003_scenario2_pollen_contamination/outputs/ns_10/rep_3/summary.csv,1.53462147918758
10,4,contamination,G:/내 드라이브/GitHub/OptOrch/03_manuscript_reproduction/004_figures/figure3_genetic_response/../../003_scenario2_pollen_contamination/outputs/ns_10/rep_4/summary.csv,1.25313352931018
10,5,contamination,G:/내 드라이브/GitHub/OptOrch/03_manuscript_reproduction/004_figures/figure3_genetic_response/../../003_scenario2_pollen_contamination/outputs/ns_10/rep_5/summary.csv,1.30001571564254
10,6,contamination,G:/내 드라이브/GitHub/OptOrch/03_manuscript_reproduction/004_figures/figure3_genetic_response/../../003_scenario2_pollen_contamination/outputs/ns_10/rep_6/summary.csv,1.3073102280326
10,7,contamination,G:/내 드라이브/GitHub/OptOrch/03_manuscript_reproduction/004_figures/figure3_genetic_response/../../003_scenario2_pollen_contamination/outputs/ns_10/rep_7/summary.csv,1.39915573972855
10,8,contamination,G:/내 드라이브/GitHub/OptOrch/03_manuscript_reproduction/004_figures/figure3_genetic_response/../../003_scenario2_pollen_contamination/outputs/ns_10/rep_8/summary.csv,1.29810926336181
10,9,contamination,G:/내 드라이브/GitHub/OptOrch/03_manuscript_reproduction/004_figures/figure3_genetic_response/../../003_scenario2_pollen_contamination/outputs/ns_10/rep_9/summary.csv,1.48602420159895
10,10,contamination,G:/내 드라이브/GitHub/OptOrch/03_manuscript_reproduction/004_figures/figure3_genetic_response/../../003_scenario2_pollen_contamination/outputs/ns_10/rep_10/summary.csv,1.64520147487648
10,11,contamination,G:/내 드라이브/GitHub/OptOrch/03_manuscript_reproduction/004_figures/figure3_genetic_response/../../003_scenario2_pollen_contamination/outputs/ns_10/rep_11/summary.csv,1.56778242911621
10,12,contamination,G:/내 드라이브/GitHub/OptOrch/03_manuscript_reproduction/004_figures/figure3_genetic_response/../../003_scenario2_pollen_contamination/outputs/ns_10/rep_12/summary.csv,1.57174884554227
10,13,contamination,G:/내 드라이브/GitHub/OptOrch/03_manuscript_reproduction/004_figures/figure3_genetic_response/../../003_scenario2_pollen_contamination/outputs/ns_10/rep_13/summary.csv,1.31849045858373
10,14,contamination,G:/내 드라이브/GitHub/OptOrch/03_manuscript_reproduction/004_figures/figure3_genetic_response/../../003_scenario2_pollen_contamination/outputs/ns_10/rep_14/summary.csv,1.32894618719031
10,15,contamination,G:/내 드라이브/GitHub/OptOrch/03_manuscript_reproduction/004_figures/figure3_genetic_response/../../003_scenario2_pollen_contamination/outputs/ns_10/rep_15/summary.csv,1.313952969481
10,16,contamination,G:/내 드라이브/GitHub/OptOrch/03_manuscript_reproduction/004_figures/figure3_genetic_response/../../003_scenario2_pollen_contamination/outputs/ns_10/rep_16/summary.csv,1.63551908604967
10,17,contamination,G:/내 드라이브/GitHub/OptOrch/03_manuscript_reproduction/004_figures/figure3_genetic_response/../../003_scenario2_pollen_contamination/outputs/ns_10/rep_17/summary.csv,1.25324475865028
10,18,contamination,G:/내 드라이브/GitHub/OptOrch/03_manuscript_reproduction/004_figures/figure3_genetic_response/../../003_scenario2_pollen_contamination/outputs/ns_10/rep_18/summary.csv,1.19156020353305
10,19,contamination,G:/내 드라이브/GitHub/OptOrch/03_manuscript_reproduction/004_figures/figure3_genetic_response/../../003_scenario2_pollen_contamination/outputs/ns_10/rep_19/summary.csv,1.66062912023097
10,20,contamination,G:/내 드라이브/GitHub/OptOrch/03_manuscript_reproduction/004_figures/figure3_genetic_response/../../003_scenario2_pollen_contamination/outputs/ns_10/rep_20/summary.csv,1.40062686461235
10,21,contamination,G:/내 드라이브/GitHub/OptOrch/03_manuscript_reproduction/004_figures/figure3_genetic_response/../../003_scenario2_pollen_contamination/outputs/ns_10/rep_21/summary.csv,1.15782309905933
10,22,contamination,G:/내 드라이브/GitHub/OptOrch/03_manuscript_reproduction/004_figures/figure3_genetic_response/../../003_scenario2_pollen_contamination/outputs/ns_10/rep_22/summary.csv,1.27843884516659
10,23,contamination,G:/내 드라이브/GitHub/OptOrch/03_manuscript_reproduction/004_figures/figure3_genetic_response/../../003_scenario2_pollen_contamination/outputs/ns_10/rep_23/summary.csv,1.32429413674637
10,24,contamination,G:/내 드라이브/GitHub/OptOrch/03_manuscript_reproduction/004_figures/figure3_genetic_response/../../003_scenario2_pollen_contamination/outputs/ns_10/rep_24/summary.csv,1.37871545065345
10,25,contamination,G:/내 드라이브/GitHub/OptOrch/03_manuscript_reproduction/004_figures/figure3_genetic_response/../../003_scenario2_pollen_contamination/outputs/ns_10/rep_25/summary.csv,1.48008114807733
10,26,contamination,G:/내 드라이브/GitHub/OptOrch/03_manuscript_reproduction/004_figures/figure3_genetic_response/../../003_scenario2_pollen_contamination/outputs/ns_10/rep_26/summary.csv,1.21576608401356
10,27,contamination,G:/내 드라이브/GitHub/OptOrch/03_manuscript_reproduction/004_figures/figure3_genetic_response/../../003_scenario2_pollen_contamination/outputs/ns_10/rep_27/summary.csv,1.42704651945169
10,28,contamination,G:/내 드라이브/GitHub/OptOrch/03_manuscript_reproduction/004_figures/figure3_genetic_response/../../003_scenario2_pollen_contamination/outputs/ns_10/rep_28/summary.csv,1.41333474868743
10,29,contamination,G:/내 드라이브/GitHub/OptOrch/03_manuscript_reproduction/004_figures/figure3_genetic_response/../../003_scenario2_pollen_contamination/outputs/ns_10/rep_29/summary.csv,1.30233560688836
10,30,contamination,G:/내 드라이브/GitHub/OptOrch/03_manuscript_reproduction/004_figures/figure3_genetic_response/../../003_scenario2_pollen_contamination/outputs/ns_10/rep_30/summary.csv,1.34673678163605
20,1,contamination,G:/내 드라이브/GitHub/OptOrch/03_manuscript_reproduction/004_figures/figure3_genetic_response/../../003_scenario2_pollen_contamination/outputs/ns_20/rep_1/summary.csv,1.20524819163096
20,2,contamination,G:/내 드라이브/GitHub/OptOrch/03_manuscript_reproduction/004_figures/figure3_genetic_response/../../003_scenario2_pollen_contamination/outputs/ns_20/rep_2/summary.csv,1.05997379878738
20,3,contamination,G:/내 드라이브/GitHub/OptOrch/03_manuscript_reproduction/004_figures/figure3_genetic_response/../../003_scenario2_pollen_contamination/outputs/ns_20/rep_3/summary.csv,1.44087618334477
20,4,contamination,G:/내 드라이브/GitHub/OptOrch/03_manuscript_reproduction/004_figures/figure3_genetic_response/../../003_scenario2_pollen_contamination/outputs/ns_20/rep_4/summary.csv,1.14438588407608
20,5,contamination,G:/내 드라이브/GitHub/OptOrch/03_manuscript_reproduction/004_figures/figure3_genetic_response/../../003_scenario2_pollen_contamination/outputs/ns_20/rep_5/summary.csv,1.18782984300282
20,6,contamination,G:/내 드라이브/GitHub/OptOrch/03_manuscript_reproduction/004_figures/figure3_genetic_response/../../003_scenario2_pollen_contamination/outputs/ns_20/rep_6/summary.csv,1.19560194107902
20,7,contamination,G:/내 드라이브/GitHub/OptOrch/03_manuscript_reproduction/004_figures/figure3_genetic_response/../../003_scenario2_pollen_contamination/outputs/ns_20/rep_7/summary.csv,1.22088085669951
20,8,contamination,G:/내 드라이브/GitHub/OptOrch/03_manuscript_reproduction/004_figures/figure3_genetic_response/../../003_scenario2_pollen_contamination/outputs/ns_20/rep_8/summary.csv,1.24111425440833
20,9,contamination,G:/내 드라이브/GitHub/OptOrch/03_manuscript_reproduction/004_figures/figure3_genetic_response/../../003_scenario2_pollen_contamination/outputs/ns_20/rep_9/summary.csv,1.34705417453035
20,10,contamination,G:/내 드라이브/GitHub/OptOrch/03_manuscript_reproduction/004_figures/figure3_genetic_response/../../003_scenario2_pollen_contamination/outputs/ns_20/rep_10/summary.csv,1.49865856860763
20,11,contamination,G:/내 드라이브/GitHub/OptOrch/03_manuscript_reproduction/004_figures/figure3_genetic_response/../../003_scenario2_pollen_contamination/outputs/ns_20/rep_11/summary.csv,1.42880592020956
20,12,contamination,G:/내 드라이브/GitHub/OptOrch/03_manuscript_reproduction/004_figures/figure3_genetic_response/../../003_scenario2_pollen_contamination/outputs/ns_20/rep_12/summary.csv,1.43845736322572
20,13,contamination,G:/내 드라이브/GitHub/OptOrch/03_manuscript_reproduction/004_figures/figure3_genetic_response/../../003_scenario2_pollen_contamination/outputs/ns_20/rep_13/summary.csv,1.1864051922114
20,14,contamination,G:/내 드라이브/GitHub/OptOrch/03_manuscript_reproduction/004_figures/figure3_genetic_response/../../003_scenario2_pollen_contamination/outputs/ns_20/rep_14/summary.csv,1.19422896036853
20,15,contamination,G:/내 드라이브/GitHub/OptOrch/03_manuscript_reproduction/004_figures/figure3_genetic_response/../../003_scenario2_pollen_contamination/outputs/ns_20/rep_15/summary.csv,1.21658057588152
20,16,contamination,G:/내 드라이브/GitHub/OptOrch/03_manuscript_reproduction/004_figures/figure3_genetic_response/../../003_scenario2_pollen_contamination/outputs/ns_20/rep_16/summary.csv,1.43195841421752
20,17,contamination,G:/내 드라이브/GitHub/OptOrch/03_manuscript_reproduction/004_figures/figure3_genetic_response/../../003_scenario2_pollen_contamination/outputs/ns_20/rep_17/summary.csv,1.13123546497612
20,18,contamination,G:/내 드라이브/GitHub/OptOrch/03_manuscript_reproduction/004_figures/figure3_genetic_response/../../003_scenario2_pollen_contamination/outputs/ns_20/rep_18/summary.csv,1.10750619851964
20,19,contamination,G:/내 드라이브/GitHub/OptOrch/03_manuscript_reproduction/004_figures/figure3_genetic_response/../../003_scenario2_pollen_contamination/outputs/ns_20/rep_19/summary.csv,1.51913531265254
20,20,contamination,G:/내 드라이브/GitHub/OptOrch/03_manuscript_reproduction/004_figures/figure3_genetic_response/../../003_scenario2_pollen_contamination/outputs/ns_20/rep_20/summary.csv,1.29428761072966
20,21,contamination,G:/내 드라이브/GitHub/OptOrch/03_manuscript_reproduction/004_figures/figure3_genetic_response/../../003_scenario2_pollen_contamination/outputs/ns_20/rep_21/summary.csv,1.09386235181632
20,22,contamination,G:/내 드라이브/GitHub/OptOrch/03_manuscript_reproduction/004_figures/figure3_genetic_response/../../003_scenario2_pollen_contamination/outputs/ns_20/rep_22/summary.csv,1.19127315635948
20,23,contamination,G:/내 드라이브/GitHub/OptOrch/03_manuscript_reproduction/004_figures/figure3_genetic_response/../../003_scenario2_pollen_contamination/outputs/ns_20/rep_23/summary.csv,1.2121005389281
20,24,contamination,G:/내 드라이브/GitHub/OptOrch/03_manuscript_reproduction/004_figures/figure3_genetic_response/../../003_scenario2_pollen_contamination/outputs/ns_20/rep_24/summary.csv,1.24855001550291
20,25,contamination,G:/내 드라이브/GitHub/OptOrch/03_manuscript_reproduction/004_figures/figure3_genetic_response/../../003_scenario2_pollen_contamination/outputs/ns_20/rep_25/summary.csv,1.3279895226453
20,26,contamination,G:/내 드라이브/GitHub/OptOrch/03_manuscript_reproduction/004_figures/figure3_genetic_response/../../003_scenario2_pollen_contamination/outputs/ns_20/rep_26/summary.csv,1.08766026085626
20,27,contamination,G:/내 드라이브/GitHub/OptOrch/03_manuscript_reproduction/004_figures/figure3_genetic_response/../../003_scenario2_pollen_contamination/outputs/ns_20/rep_27/summary.csv,1.32509279242026
20,28,contamination,G:/내 드라이브/GitHub/OptOrch/03_manuscript_reproduction/004_figures/figure3_genetic_response/../../003_scenario2_pollen_contamination/outputs/ns_20/rep_28/summary.csv,1.29156113832073
20,29,contamination,G:/내 드라이브/GitHub/OptOrch/03_manuscript_reproduction/004_figures/figure3_genetic_response/../../003_scenario2_pollen_contamination/outputs/ns_20/rep_29/summary.csv,1.20298887214143
20,30,contamination,G:/내 드라이브/GitHub/OptOrch/03_manuscript_reproduction/004_figures/figure3_genetic_response/../../003_scenario2_pollen_contamination/outputs/ns_20/rep_30/summary.csv,1.24013231009528
30,1,contamination,G:/내 드라이브/GitHub/OptOrch/03_manuscript_reproduction/004_figures/figure3_genetic_response/../../003_scenario2_pollen_contamination/outputs/ns_30/rep_1/summary.csv,1.13935883321594
30,2,contamination,G:/내 드라이브/GitHub/OptOrch/03_manuscript_reproduction/004_figures/figure3_genetic_response/../../003_scenario2_pollen_contamination/outputs/ns_30/rep_2/summary.csv,1.0128153861065
30,3,contamination,G:/내 드라이브/GitHub/OptOrch/03_manuscript_reproduction/004_figures/figure3_genetic_response/../../003_scenario2_pollen_contamination/outputs/ns_30/rep_3/summary.csv,1.357251405544
30,4,contamination,G:/내 드라이브/GitHub/OptOrch/03_manuscript_reproduction/004_figures/figure3_genetic_response/../../003_scenario2_pollen_contamination/outputs/ns_30/rep_4/summary.csv,1.07079331205575
30,5,contamination,G:/내 드라이브/GitHub/OptOrch/03_manuscript_reproduction/004_figures/figure3_genetic_response/../../003_scenario2_pollen_contamination/outputs/ns_30/rep_5/summary.csv,1.11843283286465
30,6,contamination,G:/내 드라이브/GitHub/OptOrch/03_manuscript_reproduction/004_figures/figure3_genetic_response/../../003_scenario2_pollen_contamination/outputs/ns_30/rep_6/summary.csv,1.11601115487413
30,7,contamination,G:/내 드라이브/GitHub/OptOrch/03_manuscript_reproduction/004_figures/figure3_genetic_response/../../003_scenario2_pollen_contamination/outputs/ns_30/rep_7/summary.csv,1.1218707152966
30,8,contamination,G:/내 드라이브/GitHub/OptOrch/03_manuscript_reproduction/004_figures/figure3_genetic_response/../../003_scenario2_pollen_contamination/outputs/ns_30/rep_8/summary.csv,1.19414284077959
30,9,contamination,G:/내 드라이브/GitHub/OptOrch/03_manuscript_reproduction/004_figures/figure3_genetic_response/../../003_scenario2_pollen_contamination/outputs/ns_30/rep_9/summary.csv,1.26012962923072
30,10,contamination,G:/내 드라이브/GitHub/OptOrch/03_manuscript_reproduction/004_figures/figure3_genetic_response/../../003_scenario2_pollen_contamination/outputs/ns_30/rep_10/summary.csv,1.40415147735014
30,11,contamination,G:/내 드라이브/GitHub/OptOrch/03_manuscript_reproduction/004_figures/figure3_genetic_response/../../003_scenario2_pollen_contamination/outputs/ns_30/rep_11/summary.csv,1.34294214253296
30,12,contamination,G:/내 드라이브/GitHub/OptOrch/03_manuscript_reproduction/004_figures/figure3_genetic_response/../../003_scenario2_pollen_contamination/outputs/ns_30/rep_12/summary.csv,1.35429390420891
30,13,contamination,G:/내 드라이브/GitHub/OptOrch/03_manuscript_reproduction/004_figures/figure3_genetic_response/../../003_scenario2_pollen_contamination/outputs/ns_30/rep_13/summary.csv,1.1065667197658
30,14,contamination,G:/내 드라이브/GitHub/OptOrch/03_manuscript_reproduction/004_figures/figure3_genetic_response/../../003_scenario2_pollen_contamination/outputs/ns_30/rep_14/summary.csv,1.10985983539307
30,15,contamination,G:/내 드라이브/GitHub/OptOrch/03_manuscript_reproduction/004_figures/figure3_genetic_response/../../003_scenario2_pollen_contamination/outputs/ns_30/rep_15/summary.csv,1.14106898752211
30,16,contamination,G:/내 드라이브/GitHub/OptOrch/03_manuscript_reproduction/004_figures/figure3_genetic_response/../../003_scenario2_pollen_contamination/outputs/ns_30/rep_16/summary.csv,1.30715032611382
30,17,contamination,G:/내 드라이브/GitHub/OptOrch/03_manuscript_reproduction/004_figures/figure3_genetic_response/../../003_scenario2_pollen_contamination/outputs/ns_30/rep_17/summary.csv,1.05935959500318
30,18,contamination,G:/내 드라이브/GitHub/OptOrch/03_manuscript_reproduction/004_figures/figure3_genetic_response/../../003_scenario2_pollen_contamination/outputs/ns_30/rep_18/summary.csv,1.04992509925796
30,19,contamination,G:/내 드라이브/GitHub/OptOrch/03_manuscript_reproduction/004_figures/figure3_genetic_response/../../003_scenario2_pollen_contamination/outputs/ns_30/rep_19/summary.csv,1.42634198679973
30,20,contamination,G:/내 드라이브/GitHub/OptOrch/03_manuscript_reproduction/004_figures/figure3_genetic_response/../../003_scenario2_pollen_contamination/outputs/ns_30/rep_20/summary.csv,1.22402100672653
30,21,contamination,G:/내 드라이브/GitHub/OptOrch/03_manuscript_reproduction/004_figures/figure3_genetic_response/../../003_scenario2_pollen_contamination/outputs/ns_30/rep_21/summary.csv,1.0377571366498
30,22,contamination,G:/내 드라이브/GitHub/OptOrch/03_manuscript_reproduction/004_figures/figure3_genetic_response/../../003_scenario2_pollen_contamination/outputs/ns_30/rep_22/summary.csv,1.13790191096377
30,23,contamination,G:/내 드라이브/GitHub/OptOrch/03_manuscript_reproduction/004_figures/figure3_genetic_response/../../003_scenario2_pollen_contamination/outputs/ns_30/rep_23/summary.csv,1.13225818906692
30,24,contamination,G:/내 드라이브/GitHub/OptOrch/03_manuscript_reproduction/004_figures/figure3_genetic_response/../../003_scenario2_pollen_contamination/outputs/ns_30/rep_24/summary.csv,1.16118414810205
30,25,contamination,G:/내 드라이브/GitHub/OptOrch/03_manuscript_reproduction/004_figures/figure3_genetic_response/../../003_scenario2_pollen_contamination/outputs/ns_30/rep_25/summary.csv,1.23642988902018
30,26,contamination,G:/내 드라이브/GitHub/OptOrch/03_manuscript_reproduction/004_figures/figure3_genetic_response/../../003_scenario2_pollen_contamination/outputs/ns_30/rep_26/summary.csv,1.00898813848362
30,27,contamination,G:/내 드라이브/GitHub/OptOrch/03_manuscript_reproduction/004_figures/figure3_genetic_response/../../003_scenario2_pollen_contamination/outputs/ns_30/rep_27/summary.csv,1.25786538795897
30,28,contamination,G:/내 드라이브/GitHub/OptOrch/03_manuscript_reproduction/004_figures/figure3_genetic_response/../../003_scenario2_pollen_contamination/outputs/ns_30/rep_28/summary.csv,1.21150134383757
30,29,contamination,G:/내 드라이브/GitHub/OptOrch/03_manuscript_reproduction/004_figures/figure3_genetic_response/../../003_scenario2_pollen_contamination/outputs/ns_30/rep_29/summary.csv,1.14546434138357
30,30,contamination,G:/내 드라이브/GitHub/OptOrch/03_manuscript_reproduction/004_figures/figure3_genetic_response/../../003_scenario2_pollen_contamination/outputs/ns_30/rep_30/summary.csv,1.14697237722729
40,1,contamination,G:/내 드라이브/GitHub/OptOrch/03_manuscript_reproduction/004_figures/figure3_genetic_response/../../003_scenario2_pollen_contamination/outputs/ns_40/rep_1/summary.csv,1.08523904479026
40,2,contamination,G:/내 드라이브/GitHub/OptOrch/03_manuscript_reproduction/004_figures/figure3_genetic_response/../../003_scenario2_pollen_contamination/outputs/ns_40/rep_2/summary.csv,0.970610645437507
40,3,contamination,G:/내 드라이브/GitHub/OptOrch/03_manuscript_reproduction/004_figures/figure3_genetic_response/../../003_scenario2_pollen_contamination/outputs/ns_40/rep_3/summary.csv,1.28621774892549
40,4,contamination,G:/내 드라이브/GitHub/OptOrch/03_manuscript_reproduction/004_figures/figure3_genetic_response/../../003_scenario2_pollen_contamination/outputs/ns_40/rep_4/summary.csv,1.0100827303682
40,5,contamination,G:/내 드라이브/GitHub/OptOrch/03_manuscript_reproduction/004_figures/figure3_genetic_response/../../003_scenario2_pollen_contamination/outputs/ns_40/rep_5/summary.csv,1.07305067137213
40,6,contamination,G:/내 드라이브/GitHub/OptOrch/03_manuscript_reproduction/004_figures/figure3_genetic_response/../../003_scenario2_pollen_contamination/outputs/ns_40/rep_6/summary.csv,1.06165158182444
40,7,contamination,G:/내 드라이브/GitHub/OptOrch/03_manuscript_reproduction/004_figures/figure3_genetic_response/../../003_scenario2_pollen_contamination/outputs/ns_40/rep_7/summary.csv,1.0507811692165001
40,8,contamination,G:/내 드라이브/GitHub/OptOrch/03_manuscript_reproduction/004_figures/figure3_genetic_response/../../003_scenario2_pollen_contamination/outputs/ns_40/rep_8/summary.csv,1.14684501489722
40,9,contamination,G:/내 드라이브/GitHub/OptOrch/03_manuscript_reproduction/004_figures/figure3_genetic_response/../../003_scenario2_pollen_contamination/outputs/ns_40/rep_9/summary.csv,1.19086466152775
40,10,contamination,G:/내 드라이브/GitHub/OptOrch/03_manuscript_reproduction/004_figures/figure3_genetic_response/../../003_scenario2_pollen_contamination/outputs/ns_40/rep_10/summary.csv,1.3298974706633
40,11,contamination,G:/내 드라이브/GitHub/OptOrch/03_manuscript_reproduction/004_figures/figure3_genetic_response/../../003_scenario2_pollen_contamination/outputs/ns_40/rep_11/summary.csv,1.27978178940924
40,12,contamination,G:/내 드라이브/GitHub/OptOrch/03_manuscript_reproduction/004_figures/figure3_genetic_response/../../003_scenario2_pollen_contamination/outputs/ns_40/rep_12/summary.csv,1.29447345460461
40,13,contamination,G:/내 드라이브/GitHub/OptOrch/03_manuscript_reproduction/004_figures/figure3_genetic_response/../../003_scenario2_pollen_contamination/outputs/ns_40/rep_13/summary.csv,1.04961656251365
40,14,contamination,G:/내 드라이브/GitHub/OptOrch/03_manuscript_reproduction/004_figures/figure3_genetic_response/../../003_scenario2_pollen_contamination/outputs/ns_40/rep_14/summary.csv,1.0464064585577
40,15,contamination,G:/내 드라이브/GitHub/OptOrch/03_manuscript_reproduction/004_figures/figure3_genetic_response/../../003_scenario2_pollen_contamination/outputs/ns_40/rep_15/summary.csv,1.07689201084533
40,16,contamination,G:/내 드라이브/GitHub/OptOrch/03_manuscript_reproduction/004_figures/figure3_genetic_response/../../003_scenario2_pollen_contamination/outputs/ns_40/rep_16/summary.csv,1.21903743612068
40,17,contamination,G:/내 드라이브/GitHub/OptOrch/03_manuscript_reproduction/004_figures/figure3_genetic_response/../../003_scenario2_pollen_contamination/outputs/ns_40/rep_17/summary.csv,0.997754867115883
40,18,contamination,G:/내 드라이브/GitHub/OptOrch/03_manuscript_reproduction/004_figures/figure3_genetic_response/../../003_scenario2_pollen_contamination/outputs/ns_40/rep_18/summary.csv,1.00245830279912
40,19,contamination,G:/내 드라이브/GitHub/OptOrch/03_manuscript_reproduction/004_figures/figure3_genetic_response/../../003_scenario2_pollen_contamination/outputs/ns_40/rep_19/summary.csv,1.34974039253052
40,20,contamination,G:/내 드라이브/GitHub/OptOrch/03_manuscript_reproduction/004_figures/figure3_genetic_response/../../003_scenario2_pollen_contamination/outputs/ns_40/rep_20/summary.csv,1.16368723723273
40,21,contamination,G:/내 드라이브/GitHub/OptOrch/03_manuscript_reproduction/004_figures/figure3_genetic_response/../../003_scenario2_pollen_contamination/outputs/ns_40/rep_21/summary.csv,0.985842158245825
40,22,contamination,G:/내 드라이브/GitHub/OptOrch/03_manuscript_reproduction/004_figures/figure3_genetic_response/../../003_scenario2_pollen_contamination/outputs/ns_40/rep_22/summary.csv,1.09081329116579
40,23,contamination,G:/내 드라이브/GitHub/OptOrch/03_manuscript_reproduction/004_figures/figure3_genetic_response/../../003_scenario2_pollen_contamination/outputs/ns_40/rep_23/summary.csv,1.06935668913703
40,24,contamination,G:/내 드라이브/GitHub/OptOrch/03_manuscript_reproduction/004_figures/figure3_genetic_response/../../003_scenario2_pollen_contamination/outputs/ns_40/rep_24/summary.csv,1.10087003022938
40,25,contamination,G:/내 드라이브/GitHub/OptOrch/03_manuscript_reproduction/004_figures/figure3_genetic_response/../../003_scenario2_pollen_contamination/outputs/ns_40/rep_25/summary.csv,1.17084148401178
40,26,contamination,G:/내 드라이브/GitHub/OptOrch/03_manuscript_reproduction/004_figures/figure3_genetic_response/../../003_scenario2_pollen_contamination/outputs/ns_40/rep_26/summary.csv,0.95810811142525
40,27,contamination,G:/내 드라이브/GitHub/OptOrch/03_manuscript_reproduction/004_figures/figure3_genetic_response/../../003_scenario2_pollen_contamination/outputs/ns_40/rep_27/summary.csv,1.20550441325415
40,28,contamination,G:/내 드라이브/GitHub/OptOrch/03_manuscript_reproduction/004_figures/figure3_genetic_response/../../003_scenario2_pollen_contamination/outputs/ns_40/rep_28/summary.csv,1.14786210184212
40,29,contamination,G:/내 드라이브/GitHub/OptOrch/03_manuscript_reproduction/004_figures/figure3_genetic_response/../../003_scenario2_pollen_contamination/outputs/ns_40/rep_29/summary.csv,1.09452547078204
40,30,contamination,G:/내 드라이브/GitHub/OptOrch/03_manuscript_reproduction/004_figures/figure3_genetic_response/../../003_scenario2_pollen_contamination/outputs/ns_40/rep_30/summary.csv,1.08253562098511
